experiment,controller,setting,seed,cv,wait_s,hold_total_s,travel_s,unfinished
E1,FH,clean,0,0.02512121272220743,307.9894736842105,903.15,1815.2,0
E2,FH,delay120,0,0.11480693069438434,310.7442105263158,1056.3,1840.4,0
E3,FH,noise10,0,0.09742284778770978,315.396449704142,970.7,1857.2,0
E3,FH,noise10,1,0.12778345136661265,325.73186119873816,1135.2,1874.9,0
E3,FH,noise10,2,0.08528617681752698,319.25690890481064,997.2,1884.2,0
E3,FH,noise10,3,0.12387668541945729,322.59432048681543,1015.3,1916.8,0
E3,FH,noise10,4,0.135823500700368,316.0111279716742,990.35,1900.1,0
E3,FH,noise10,5,0.09169703049080008,308.63081695966906,998.6,1870.2,0
E3,FH,noise10,6,0.07325883468314875,316.14234141309953,992.4,1888.9,0
E3,FH,noise10,7,0.08182862963496344,315.96710182767623,1033.75,1867.1,0
E3,FH,noise10,8,0.0997330744682016,306.82575757575756,1038.05,1857.1,0
E3,FH,noise10,9,0.14128537590518828,317.4709643047416,1058.65,1857.9,0
E3,FH,noise10,10,0.0862054866478614,313.82730706961684,1101.9,1830.3,0
E3,FH,noise10,11,0.17458880631017792,331.6170103092783,1353.9,1919.2,0
E3,FH,noise10,12,0.0701687486368269,317.0602605863192,979.05,1841.1,0
E3,FH,noise10,13,0.06718442699306547,309.2426822778073,1007.25,1869.8,0
E3,FH,noise10,14,0.11149925459694168,323.1184141888367,1061.2,1881.9,0
E3,FH,noise10,15,0.07355343823972997,314.48802083333334,1088.65,1888.6,0
E3,FH,noise10,16,0.09201404674070061,318.5040431266846,1116.75,1872.2,0
E3,FH,noise10,17,0.12500720668744597,316.0295336787565,1148.4,1886.9,0
E3,FH,noise10,18,0.10990172563063083,314.01702127659576,1120.95,1861.0,0
E3,FH,noise10,19,0.07144071162518055,309.32485426603074,1003.25,1857.3,1
E3,FH,noise10,20,0.14302933919125804,322.013150973172,1129.8,1863.1,0
E3,FH,noise10,21,0.08829899400727312,315.4128891316221,873.5,1821.2,0
E3,FH,noise10,22,0.08432109832327028,314.5893516078018,1088.2,1869.6,0
E3,FH,noise10,23,0.07319074118143237,314.82041484716154,1071.6,1847.6,0
E3,FH,noise10,24,0.07603480653060062,317.9611955951757,1043.75,1872.3,0
E3,FH,noise10,25,0.0850241469081558,316.51141795007965,911.95,1856.8,0
E3,FH,noise10,26,0.09367142465043897,319.7161733615222,1141.3,1884.3,0
E3,FH,noise10,27,0.05325830906829063,311.10588870880605,902.25,1838.1,0
E3,FH,noise10,28,0.08536941371777589,312.49645776566757,943.95,1833.3,0
E3,FH,noise10,29,0.1625861098941251,324.45675815639567,1148.9,1899.9,0
E1,NC,clean,0,0.0402410290824329,307.6921052631579,0.0,1757.5,0
E2,NC,delay120,0,0.23281675118836714,332.27,0.0,1799.8,0
E3,NC,noise10,0,0.1885495223824008,318.3497031840259,0.0,1775.5,6
E3,NC,noise10,1,0.27697996341440895,349.6931637519873,0.0,1825.1,15
E3,NC,noise10,2,0.2434634666112524,344.8659160696008,0.0,1830.7,0
E3,NC,noise10,3,0.20374697884675946,320.62474645030426,0.0,1831.6,0
E3,NC,noise10,4,0.2269746415922454,322.05391658189217,0.0,1841.1,11
E3,NC,noise10,5,0.14190235489372593,313.6499482936918,0.0,1794.7,0
E3,NC,noise10,6,0.13553935704661585,319.5216718266254,0.0,1818.7,1
E3,NC,noise10,7,0.23479660763710844,336.35822454308095,0.0,1795.1,0
E3,NC,noise10,8,0.2045607400339813,308.3388429752066,0.0,1764.3,33
E3,NC,noise10,9,0.28998280116926717,342.02876931273306,0.0,1845.0,0
E3,NC,noise10,10,0.23922065995626465,328.60486486486485,0.0,1763.5,3
E3,NC,noise10,11,0.30528745864400275,343.5991671004685,0.0,1837.9,19
E3,NC,noise10,12,0.2687848877035399,340.2538043478261,0.0,1777.9,2
E3,NC,noise10,13,0.1338908106793612,304.3076104310804,0.0,1787.3,0
E3,NC,noise10,14,0.2425678839575097,346.8471570161711,0.0,1844.7,0
E3,NC,noise10,15,0.22734301084060624,332.5974973931178,0.0,1824.7,2
E3,NC,noise10,16,0.22927793322606943,329.9369272237197,0.0,1777.1,0
E3,NC,noise10,17,0.34184771661804675,368.6269430051814,0.0,1875.2,0
E3,NC,noise10,18,0.21344610218128549,324.0187265917603,0.0,1790.4,11
E3,NC,noise10,19,0.11596274400422088,311.68488063660476,0.0,1784.6,3
E3,NC,noise10,20,0.31389311971795636,342.3521276595745,0.0,1803.2,21
E3,NC,noise10,21,0.16777649305233816,332.67176406335335,0.0,1765.7,0
E3,NC,noise10,22,0.26886241517476545,335.5435816164818,0.0,1817.8,4
E3,NC,noise10,23,0.13873863618687735,310.79175824175826,0.0,1755.1,12
E3,NC,noise10,24,0.19082336097135655,320.2498687664042,0.0,1792.8,2
E3,NC,noise10,25,0.16818021062709715,317.71375464684013,0.0,1790.8,0
E3,NC,noise10,26,0.2574827816496378,338.7781895182636,0.0,1814.9,3
E3,NC,noise10,27,0.16594708796010543,330.86871961102105,0.0,1779.6,0
E3,NC,noise10,28,0.2009804994694793,322.5640326975477,0.0,1769.5,0
E3,NC,noise10,29,0.2704059480316365,337.61506493506494,0.0,1818.2,6
E1,EH,clean,0,0.0180965036332107,302.0315789473684,120.9,1763.7,0
E2,EH,delay120,0,0.13490084767630886,312.9794736842105,513.25,1815.3,0
E3,EH,noise10,0,0.0796695480463353,305.4045185583647,458.25,1823.1,0
E3,EH,noise10,1,0.12713310936413252,323.01524710830705,826.7,1861.7,0
E3,EH,noise10,2,0.08444159782282074,318.65864892528145,483.1,1858.8,0
E3,EH,noise10,3,0.10163665392628747,309.19878296146044,478.0,1876.4,0
E3,EH,noise10,4,0.13342634969228576,315.80526049570057,545.9,1881.1,0
E3,EH,noise10,5,0.0747403448032734,308.95604963805584,292.85,1826.4,0
E3,EH,noise10,6,0.07905699826681527,313.4053635894791,389.2,1855.4,0
E3,EH,noise10,7,0.08858799707873634,312.6720626631854,542.8,1836.9,0
E3,EH,noise10,8,0.0904719877262011,299.3003246753247,414.1,1810.0,0
E3,EH,noise10,9,0.15214131938647335,317.6792754395312,762.55,1853.6,0
E3,EH,noise10,10,0.11088676770719534,316.25202374527794,662.15,1816.0,0
E3,EH,noise10,11,0.17169197297864433,327.40103092783505,953.25,1903.8,0
E3,EH,noise10,12,0.09167108678672624,314.26818675352877,536.3,1818.5,0
E3,EH,noise10,13,0.06320922779688169,304.1793507184673,284.15,1817.5,0
E3,EH,noise10,14,0.13127940163266344,324.24830464267086,598.0,1859.4,0
E3,EH,noise10,15,0.08944733766151892,317.16041666666666,521.8,1856.4,0
E3,EH,noise10,16,0.09756734409541414,309.252427184466,545.05,1830.9,1
E3,EH,noise10,17,0.15176781051897717,323.3295336787565,837.25,1886.3,0
E3,EH,noise10,18,0.11926012882089065,312.12393617021274,602.9,1833.7,0
E3,EH,noise10,19,0.07068890507618794,308.01433882103026,346.0,1817.8,5
E3,EH,noise10,20,0.1494630439473752,318.16728037874805,757.4,1845.8,0
E3,EH,noise10,21,0.07429020903109074,315.0819224467504,380.3,1798.2,0
E3,EH,noise10,22,0.09404805938794127,311.88982604111754,533.95,1843.3,0
E3,EH,noise10,23,0.07953950917494197,309.79027853631897,496.15,1811.4,1
E3,EH,noise10,24,0.08983009602533261,314.31515469323546,465.55,1837.1,0
E3,EH,noise10,25,0.07330339168146695,309.15825809877856,280.6,1817.5,0
E3,EH,noise10,26,0.11628027062346144,320.3313953488372,661.3,1864.0,0
E3,EH,noise10,27,0.07606088859590875,319.22744462452727,411.1,1815.9,0
E3,EH,noise10,28,0.0752537393172283,311.29918256130793,456.8,1810.7,0
E3,EH,noise10,29,0.14483367827305474,314.48161574313826,669.05,1869.2,0
