episode,S,W,B,slowdown,train_return,train_cv,eval_score,eval_A,eval_B_obs,eval_B_extreme,epsilon
1,0,0,0,0.0,-62.64,0.5977,,,,,0.998
2,1,1,0,0.238,-42.61,0.4882,,,,,0.996
3,0,0,1,0.0,-25.22,0.398,,,,,0.994
4,0,1,1,0.159,-27.6,0.4257,,,,,0.992
5,1,0,1,0.0,-58.89,0.6335,,,,,0.99
6,1,1,0,0.003,-54.26,0.5307,,,,,0.987
7,1,1,0,0.035,-44.98,0.5395,,,,,0.985
8,0,1,0,0.185,-54.61,0.6203,,,,,0.983
9,1,0,1,0.0,-98.24,0.6383,,,,,0.981
10,1,1,0,0.145,-49.45,0.5867,,,,,0.979
11,1,1,1,0.16,-37.19,0.4714,,,,,0.977
12,0,0,0,0.0,-58.25,0.5768,,,,,0.975
13,0,0,1,0.0,-67.03,0.631,,,,,0.972
14,1,1,0,0.072,-46.98,0.5014,,,,,0.97
15,0,1,1,0.236,-86.52,0.7327,,,,,0.968
16,1,1,0,0.161,-47.25,0.5044,,,,,0.966
17,0,1,0,0.071,-37.56,0.4591,,,,,0.964
18,0,1,1,0.12,-97.45,0.7344,,,,,0.962
19,0,0,1,0.0,-51.46,0.5414,,,,,0.96
20,1,1,1,0.044,-31.6,0.4412,,,,,0.958
21,0,0,0,0.0,-47.09,0.5378,,,,,0.955
22,1,0,0,0.0,-81.38,0.6507,,,,,0.953
23,1,0,0,0.0,-53.7,0.5742,,,,,0.951
24,1,0,1,0.0,-52.51,0.5728,,,,,0.949
25,0,0,1,0.0,-58.12,0.547,,,,,0.947
26,1,1,0,0.06,-35.48,0.4853,,,,,0.945
27,0,1,0,0.134,-62.32,0.6252,,,,,0.943
28,0,0,0,0.0,-62.75,0.5878,,,,,0.94
29,1,1,1,0.021,-66.39,0.5946,,,,,0.938
30,0,0,0,0.0,-64.6,0.5571,,,,,0.936
31,1,1,0,0.174,-60.12,0.5842,,,,,0.934
32,1,0,1,0.0,-45.14,0.4876,,,,,0.932
33,0,1,0,0.195,-55.6,0.5672,,,,,0.93
34,1,0,0,0.0,-66.31,0.6566,,,,,0.928
35,0,1,0,0.156,-32.27,0.4447,,,,,0.926
36,0,0,1,0.0,-86.4,0.6921,,,,,0.923
37,1,1,1,0.169,-41.64,0.4789,,,,,0.921
38,1,0,1,0.0,-46.59,0.5023,,,,,0.919
39,0,0,0,0.0,-67.87,0.6908,,,,,0.917
40,1,1,0,0.106,-69.94,0.6205,,,,,0.915
41,0,0,1,0.0,-28.86,0.3886,,,,,0.913
42,1,1,1,0.248,-118.27,0.8236,,,,,0.911
43,1,1,1,0.175,-47.28,0.593,,,,,0.909
44,1,0,0,0.0,-38.92,0.5173,,,,,0.906
45,1,1,1,0.127,-58.45,0.5834,,,,,0.904
46,0,0,0,0.0,-32.35,0.4622,,,,,0.902
47,1,1,1,0.208,-46.06,0.5811,,,,,0.9
48,0,1,1,0.063,-49.0,0.5297,,,,,0.898
49,0,1,1,0.139,-68.78,0.6605,,,,,0.896
50,1,0,0,0.0,-51.67,0.5711,0.4393,0.3548,0.4695,0.4937,0.894
51,1,1,1,0.002,-28.25,0.4014,,,,,0.892
52,0,1,1,0.136,-75.76,0.65,,,,,0.89
53,0,1,1,0.036,-54.95,0.5766,,,,,0.888
54,1,1,1,0.038,-53.24,0.5871,,,,,0.885
55,0,0,0,0.0,-94.62,0.7422,,,,,0.883
56,1,1,0,0.004,-76.23,0.6824,,,,,0.881
57,1,1,0,0.122,-62.22,0.5863,,,,,0.879
58,0,0,1,0.0,-38.93,0.4408,,,,,0.877
59,0,1,1,0.16,-31.54,0.4883,,,,,0.875
60,1,1,1,0.067,-95.43,0.7857,,,,,0.873
61,1,0,1,0.0,-85.21,0.7345,,,,,0.871
62,0,0,1,0.0,-48.4,0.556,,,,,0.868
63,0,0,0,0.0,-37.56,0.4603,,,,,0.866
64,1,0,1,0.0,-23.18,0.4269,,,,,0.864
65,1,1,1,0.238,-71.14,0.64,,,,,0.862
66,1,1,1,0.012,-41.29,0.5028,,,,,0.86
67,1,0,0,0.0,-88.08,0.673,,,,,0.858
68,0,1,0,0.17,-32.41,0.5392,,,,,0.856
69,1,1,0,0.053,-101.89,0.7014,,,,,0.854
70,1,0,0,0.0,-84.1,0.6909,,,,,0.851
71,1,0,0,0.0,-71.95,0.6352,,,,,0.849
72,1,1,0,0.113,-52.06,0.5564,,,,,0.847
73,0,1,0,0.006,-29.73,0.402,,,,,0.845
74,1,0,0,0.0,-41.06,0.52,,,,,0.843
75,0,1,1,0.019,-39.3,0.4511,,,,,0.841
76,1,1,1,0.121,-63.26,0.588,,,,,0.839
77,1,1,1,0.136,-51.82,0.5379,,,,,0.837
78,1,0,1,0.0,-39.69,0.4627,,,,,0.834
79,1,0,0,0.0,-69.72,0.6156,,,,,0.832
80,0,0,1,0.0,-32.44,0.4386,,,,,0.83
81,1,1,1,0.086,-50.79,0.4865,,,,,0.828
82,0,1,1,0.154,-44.32,0.5247,,,,,0.826
83,1,0,1,0.0,-51.42,0.4931,,,,,0.824
84,0,1,0,0.06,-53.29,0.5391,,,,,0.822
85,0,1,1,0.205,-44.74,0.5772,,,,,0.82
86,1,0,0,0.0,-32.63,0.4432,,,,,0.817
87,1,0,1,0.0,-64.08,0.5914,,,,,0.815
88,1,0,1,0.0,-72.19,0.593,,,,,0.813
89,0,1,0,0.062,-56.33,0.5968,,,,,0.811
90,1,1,1,0.064,-29.96,0.4317,,,,,0.809
91,0,1,0,0.126,-24.46,0.4159,,,,,0.807
92,0,1,1,0.003,-77.36,0.6465,,,,,0.805
93,1,0,0,0.0,-88.96,0.7164,,,,,0.802
94,0,0,0,0.0,-39.73,0.4595,,,,,0.8
95,1,1,0,0.036,-62.92,0.627,,,,,0.798
96,1,1,0,0.13,-81.52,0.7606,,,,,0.796
97,0,1,0,0.111,-34.88,0.4587,,,,,0.794
98,1,0,1,0.0,-53.32,0.5087,,,,,0.792
99,1,0,1,0.0,-50.12,0.5533,,,,,0.79
100,0,1,1,0.248,-70.66,0.6363,0.4038,0.3397,0.3983,0.4735,0.788
101,0,0,1,0.0,-24.88,0.3819,,,,,0.785
102,0,0,1,0.0,-48.23,0.4812,,,,,0.783
103,0,0,0,0.0,-49.22,0.5591,,,,,0.781
104,1,0,1,0.0,-35.23,0.4323,,,,,0.779
105,0,1,0,0.232,-43.75,0.518,,,,,0.777
106,1,0,1,0.0,-112.47,0.8035,,,,,0.775
107,1,0,0,0.0,-35.99,0.4364,,,,,0.773
108,1,0,0,0.0,-43.37,0.4632,,,,,0.771
109,1,0,1,0.0,-38.08,0.4183,,,,,0.769
110,1,0,0,0.0,-59.2,0.624,,,,,0.766
111,1,0,0,0.0,-31.89,0.4387,,,,,0.764
112,0,0,1,0.0,-34.55,0.4182,,,,,0.762
113,1,1,1,0.049,-39.32,0.5004,,,,,0.76
114,0,0,1,0.0,-57.09,0.567,,,,,0.758
115,1,0,1,0.0,-76.02,0.634,,,,,0.756
116,1,1,0,0.058,-31.32,0.4255,,,,,0.754
117,0,1,1,0.195,-48.18,0.5694,,,,,0.752
118,1,1,0,0.026,-58.7,0.5882,,,,,0.75
119,0,1,0,0.011,-44.77,0.572,,,,,0.747
120,1,0,0,0.0,-49.0,0.4914,,,,,0.745
121,1,0,1,0.0,-41.48,0.4651,,,,,0.743
122,1,0,0,0.0,-24.6,0.3949,,,,,0.741
123,1,1,1,0.173,-66.58,0.6531,,,,,0.739
124,0,1,1,0.206,-48.62,0.4666,,,,,0.737
125,0,0,0,0.0,-37.1,0.4391,,,,,0.734
126,0,1,0,0.024,-42.7,0.5019,,,,,0.732
127,1,1,0,0.159,-63.33,0.6449,,,,,0.73
128,0,0,0,0.0,-31.8,0.3929,,,,,0.728
129,0,1,1,0.008,-31.94,0.3811,,,,,0.726
130,0,0,0,0.0,-36.66,0.4864,,,,,0.724
131,0,1,1,0.085,-29.53,0.4192,,,,,0.722
132,1,1,1,0.022,-78.28,0.6674,,,,,0.72
133,0,0,1,0.0,-42.21,0.4624,,,,,0.717
134,0,1,1,0.096,-33.61,0.398,,,,,0.715
135,1,1,0,0.009,-60.05,0.5532,,,,,0.713
136,0,0,0,0.0,-56.81,0.5071,,,,,0.711
137,1,0,1,0.0,-56.07,0.5164,,,,,0.709
138,0,0,1,0.0,-36.18,0.5004,,,,,0.707
139,0,0,1,0.0,-48.4,0.5437,,,,,0.705
140,1,1,1,0.06,-92.04,0.7284,,,,,0.703
141,0,0,1,0.0,-62.43,0.6068,,,,,0.7
142,1,1,0,0.125,-48.86,0.5165,,,,,0.698
143,1,1,0,0.202,-29.07,0.4711,,,,,0.696
144,1,1,1,0.113,-36.66,0.5001,,,,,0.694
145,1,1,0,0.073,-44.12,0.4767,,,,,0.692
146,1,1,1,0.151,-79.0,0.7089,,,,,0.69
147,1,0,1,0.0,-79.57,0.6359,,,,,0.688
148,1,0,0,0.0,-33.25,0.4539,,,,,0.686
149,1,0,0,0.0,-35.84,0.4305,,,,,0.683
150,1,0,1,0.0,-65.57,0.5773,0.4136,0.3295,0.4181,0.4931,0.681
151,0,0,0,0.0,-23.36,0.3667,,,,,0.679
152,1,0,0,0.0,-62.98,0.5479,,,,,0.677
153,0,0,1,0.0,-101.11,0.734,,,,,0.675
154,0,0,0,0.0,-33.96,0.4455,,,,,0.673
155,1,1,1,0.173,-41.18,0.5482,,,,,0.671
156,0,1,1,0.083,-60.42,0.5942,,,,,0.669
157,0,1,0,0.172,-32.5,0.4547,,,,,0.666
158,1,1,0,0.229,-48.01,0.5195,,,,,0.664
159,1,0,1,0.0,-24.72,0.3778,,,,,0.662
160,1,0,0,0.0,-47.39,0.4698,,,,,0.66
161,1,0,0,0.0,-42.31,0.4932,,,,,0.658
162,0,1,1,0.14,-56.73,0.6046,,,,,0.656
163,1,0,1,0.0,-44.91,0.493,,,,,0.654
164,1,0,1,0.0,-49.55,0.4103,,,,,0.652
165,0,0,0,0.0,-38.4,0.4416,,,,,0.649
166,0,0,0,0.0,-36.46,0.4914,,,,,0.647
167,0,0,1,0.0,-55.3,0.5461,,,,,0.645
168,0,1,0,0.013,-47.6,0.5077,,,,,0.643
169,1,1,1,0.192,-165.51,0.7101,,,,,0.641
170,1,0,1,0.0,-84.48,0.6682,,,,,0.639
171,0,1,0,0.222,-46.14,0.505,,,,,0.637
172,1,0,1,0.0,-54.38,0.5644,,,,,0.635
173,0,0,0,0.0,-44.97,0.4646,,,,,0.633
174,1,1,0,0.022,-33.05,0.5115,,,,,0.63
175,0,0,1,0.0,-40.24,0.4813,,,,,0.628
176,0,0,1,0.0,-41.83,0.4786,,,,,0.626
177,0,0,1,0.0,-49.34,0.5142,,,,,0.624
178,0,1,1,0.154,-51.65,0.5061,,,,,0.622
179,1,1,0,0.201,-69.45,0.6283,,,,,0.62
180,0,1,0,0.225,-37.17,0.484,,,,,0.618
181,0,0,0,0.0,-59.07,0.6055,,,,,0.616
182,0,0,1,0.0,-54.3,0.549,,,,,0.613
183,0,1,0,0.247,-71.03,0.6689,,,,,0.611
184,1,0,1,0.0,-31.38,0.4072,,,,,0.609
185,0,0,1,0.0,-38.52,0.5145,,,,,0.607
186,1,0,0,0.0,-55.97,0.5582,,,,,0.605
187,1,0,0,0.0,-36.81,0.4445,,,,,0.603
188,1,0,0,0.0,-36.09,0.454,,,,,0.601
189,1,0,0,0.0,-41.17,0.417,,,,,0.599
190,1,0,1,0.0,-41.75,0.4912,,,,,0.596
191,1,0,1,0.0,-70.2,0.6083,,,,,0.594
192,1,1,0,0.179,-36.72,0.4403,,,,,0.592
193,1,1,0,0.167,-36.94,0.4945,,,,,0.59
194,0,0,0,0.0,-39.75,0.4724,,,,,0.588
195,0,1,0,0.008,-40.17,0.4981,,,,,0.586
196,0,0,1,0.0,-56.73,0.4871,,,,,0.584
197,1,1,0,0.111,-39.46,0.4979,,,,,0.581
198,0,0,1,0.0,-33.39,0.3654,,,,,0.579
199,1,1,1,0.145,-59.6,0.5652,,,,,0.577
200,1,1,0,0.095,-57.14,0.6063,0.4462,0.3605,0.4451,0.5331,0.575
201,1,1,0,0.234,-29.52,0.5498,,,,,0.573
202,1,1,1,0.232,-60.17,0.6505,,,,,0.571
203,1,1,0,0.166,-58.41,0.6453,,,,,0.569
204,1,1,1,0.128,-45.73,0.5334,,,,,0.567
205,0,1,0,0.219,-34.89,0.5009,,,,,0.564
206,1,1,0,0.145,-46.08,0.5138,,,,,0.562
207,0,1,1,0.172,-44.75,0.5112,,,,,0.56
208,0,1,1,0.114,-35.83,0.4104,,,,,0.558
209,1,1,0,0.22,-30.67,0.3791,,,,,0.556
210,1,0,1,0.0,-97.7,0.7022,,,,,0.554
211,0,0,1,0.0,-37.05,0.4009,,,,,0.552
212,0,0,1,0.0,-40.03,0.4705,,,,,0.55
213,0,0,0,0.0,-41.27,0.52,,,,,0.548
214,1,0,0,0.0,-70.98,0.6207,,,,,0.545
215,0,0,0,0.0,-41.87,0.51,,,,,0.543
216,0,0,1,0.0,-93.17,0.6959,,,,,0.541
217,0,1,1,0.192,-50.69,0.6209,,,,,0.539
218,0,0,0,0.0,-56.15,0.5837,,,,,0.537
219,1,1,0,0.223,-48.38,0.555,,,,,0.535
220,0,1,1,0.205,-79.49,0.6617,,,,,0.533
221,1,0,1,0.0,-36.27,0.412,,,,,0.531
222,0,0,1,0.0,-47.49,0.4894,,,,,0.528
223,0,0,1,0.0,-25.44,0.3543,,,,,0.526
224,0,0,1,0.0,-42.63,0.4984,,,,,0.524
225,0,0,0,0.0,-28.63,0.3805,,,,,0.522
226,0,1,0,0.231,-38.23,0.4223,,,,,0.52
227,1,0,0,0.0,-14.46,0.269,,,,,0.518
228,1,1,0,0.25,-37.55,0.4546,,,,,0.516
229,1,0,0,0.0,-23.61,0.3321,,,,,0.514
230,0,1,0,0.159,-24.85,0.3935,,,,,0.511
231,0,1,0,0.157,-30.02,0.4024,,,,,0.509
232,0,0,1,0.0,-31.23,0.4517,,,,,0.507
233,1,1,0,0.16,-24.56,0.4468,,,,,0.505
234,1,1,1,0.19,-52.29,0.5242,,,,,0.503
235,1,1,1,0.165,-43.0,0.488,,,,,0.501
236,1,1,1,0.157,-97.37,0.74,,,,,0.499
237,1,1,1,0.136,-48.69,0.5205,,,,,0.497
238,0,0,1,0.0,-51.8,0.5208,,,,,0.494
239,1,1,1,0.195,-84.01,0.6846,,,,,0.492
240,0,1,1,0.113,-62.99,0.6166,,,,,0.49
241,1,0,0,0.0,-50.59,0.5601,,,,,0.488
242,0,0,1,0.0,-34.94,0.4052,,,,,0.486
243,1,1,1,0.214,-91.85,0.8181,,,,,0.484
244,1,1,1,0.151,-64.28,0.6557,,,,,0.482
245,0,0,0,0.0,-59.38,0.5305,,,,,0.48
246,0,1,0,0.086,-38.0,0.4647,,,,,0.477
247,1,0,1,0.0,-46.36,0.4797,,,,,0.475
248,1,1,0,0.08,-39.25,0.4942,,,,,0.473
249,1,1,0,0.105,-58.24,0.6412,,,,,0.471
250,0,0,1,0.0,-60.31,0.5716,0.4316,0.3822,0.424,0.4887,0.469
251,0,1,0,0.124,-20.39,0.3639,,,,,0.467
252,1,1,0,0.185,-42.76,0.5295,,,,,0.465
253,1,0,1,0.0,-46.45,0.5156,,,,,0.463
254,0,0,1,0.0,-28.55,0.3909,,,,,0.461
255,1,1,1,0.1,-41.5,0.546,,,,,0.458
256,1,1,0,0.203,-42.42,0.5484,,,,,0.456
257,1,0,1,0.0,-58.62,0.5546,,,,,0.454
258,1,0,0,0.0,-21.81,0.3622,,,,,0.452
259,1,1,1,0.149,-54.3,0.5101,,,,,0.45
260,1,0,0,0.0,-33.94,0.3927,,,,,0.448
261,0,0,0,0.0,-17.08,0.2858,,,,,0.446
262,1,1,0,0.088,-81.01,0.7031,,,,,0.444
263,0,0,1,0.0,-32.15,0.4314,,,,,0.441
264,0,1,0,0.181,-39.7,0.4228,,,,,0.439
265,1,1,1,0.217,-87.67,0.7453,,,,,0.437
266,1,1,1,0.102,-78.8,0.6568,,,,,0.435
267,0,1,1,0.01,-36.24,0.3945,,,,,0.433
268,1,0,0,0.0,-32.78,0.3982,,,,,0.431
269,0,0,1,0.0,-37.76,0.4403,,,,,0.429
270,1,1,0,0.022,-26.81,0.3915,,,,,0.427
271,0,1,0,0.19,-29.39,0.436,,,,,0.424
272,1,1,1,0.192,-44.71,0.4848,,,,,0.422
273,0,1,0,0.206,-45.36,0.4871,,,,,0.42
274,1,0,0,0.0,-93.41,0.7628,,,,,0.418
275,1,0,0,0.0,-44.54,0.4392,,,,,0.416
276,0,0,0,0.0,-15.53,0.2472,,,,,0.414
277,0,1,1,0.013,-34.36,0.4077,,,,,0.412
278,0,0,0,0.0,-21.81,0.3379,,,,,0.409
279,1,0,0,0.0,-43.31,0.5146,,,,,0.407
280,0,1,1,0.026,-56.32,0.5945,,,,,0.405
281,1,1,1,0.134,-28.72,0.3551,,,,,0.403
282,0,1,1,0.122,-41.62,0.4637,,,,,0.401
283,0,0,1,0.0,-62.79,0.5671,,,,,0.399
284,0,1,1,0.056,-65.63,0.6075,,,,,0.397
285,0,0,1,0.0,-36.78,0.4248,,,,,0.395
286,1,0,0,0.0,-35.09,0.4656,,,,,0.393
287,0,0,1,0.0,-17.43,0.3104,,,,,0.39
288,0,0,0,0.0,-26.37,0.4914,,,,,0.388
289,1,0,0,0.0,-41.24,0.4487,,,,,0.386
290,0,1,1,0.108,-33.5,0.4425,,,,,0.384
291,0,0,0,0.0,-71.04,0.6855,,,,,0.382
292,0,0,0,0.0,-32.06,0.4173,,,,,0.38
293,0,1,1,0.181,-29.83,0.4572,,,,,0.378
294,1,0,1,0.0,-54.31,0.5452,,,,,0.376
295,1,0,0,0.0,-37.72,0.4761,,,,,0.373
296,1,0,1,0.0,-37.65,0.4375,,,,,0.371
297,0,1,0,0.093,-23.12,0.3582,,,,,0.369
298,1,1,0,0.199,-31.28,0.371,,,,,0.367
299,0,0,1,0.0,-28.75,0.3774,,,,,0.365
300,1,0,0,0.0,-39.99,0.4597,0.4351,0.3717,0.4219,0.5116,0.363
301,1,0,0,0.0,-31.39,0.4413,,,,,0.361
302,1,1,0,0.207,-24.28,0.3797,,,,,0.358
303,1,1,1,0.016,-20.54,0.3305,,,,,0.356
304,1,1,1,0.162,-26.03,0.4276,,,,,0.354
305,0,1,1,0.172,-35.48,0.4935,,,,,0.352
306,1,0,1,0.0,-31.93,0.4583,,,,,0.35
307,1,1,0,0.195,-91.75,0.7169,,,,,0.348
308,0,1,1,0.151,-77.56,0.6978,,,,,0.346
309,0,0,0,0.0,-49.67,0.5777,,,,,0.344
310,0,1,1,0.12,-27.26,0.3601,,,,,0.341
311,1,0,1,0.0,-48.72,0.5462,,,,,0.339
312,1,1,1,0.0,-48.83,0.5149,,,,,0.337
313,1,0,0,0.0,-40.42,0.4378,,,,,0.335
314,0,0,1,0.0,-43.93,0.5187,,,,,0.333
315,0,1,1,0.095,-44.13,0.4762,,,,,0.331
316,1,1,1,0.184,-46.65,0.5828,,,,,0.329
317,0,1,0,0.228,-40.66,0.4599,,,,,0.327
318,1,1,1,0.031,-32.27,0.3989,,,,,0.325
319,0,0,1,0.0,-37.65,0.4164,,,,,0.322
320,1,1,0,0.171,-39.06,0.4391,,,,,0.32
321,1,1,0,0.216,-50.79,0.5547,,,,,0.318
322,1,1,0,0.133,-28.87,0.3842,,,,,0.316
323,0,1,0,0.204,-45.95,0.4949,,,,,0.314
324,0,1,0,0.244,-59.44,0.5812,,,,,0.312
325,0,1,1,0.009,-33.56,0.4959,,,,,0.31
326,0,1,1,0.08,-58.32,0.6176,,,,,0.308
327,1,1,0,0.014,-52.07,0.4899,,,,,0.305
328,0,1,0,0.025,-26.34,0.369,,,,,0.303
329,0,0,0,0.0,-37.31,0.4586,,,,,0.301
330,1,1,1,0.024,-38.04,0.4993,,,,,0.299
331,0,0,0,0.0,-27.05,0.3843,,,,,0.297
332,1,1,1,0.042,-70.08,0.5858,,,,,0.295
333,1,0,1,0.0,-23.43,0.3504,,,,,0.293
334,0,0,1,0.0,-25.61,0.3623,,,,,0.291
335,1,1,0,0.192,-56.92,0.5643,,,,,0.288
336,1,1,1,0.157,-78.43,0.741,,,,,0.286
337,0,0,1,0.0,-21.61,0.389,,,,,0.284
338,1,0,1,0.0,-37.54,0.4821,,,,,0.282
339,1,1,0,0.235,-52.76,0.6075,,,,,0.28
340,1,0,0,0.0,-42.64,0.4048,,,,,0.278
341,1,0,1,0.0,-43.52,0.4206,,,,,0.276
342,0,0,0,0.0,-15.44,0.3248,,,,,0.274
343,1,1,1,0.178,-69.21,0.5872,,,,,0.272
344,1,0,1,0.0,-37.42,0.3986,,,,,0.269
345,0,0,1,0.0,-36.36,0.3983,,,,,0.267
346,0,0,1,0.0,-26.19,0.3732,,,,,0.265
347,0,1,1,0.076,-27.11,0.3895,,,,,0.263
348,1,0,0,0.0,-19.0,0.2893,,,,,0.261
349,0,0,0,0.0,-7.76,0.2294,,,,,0.259
350,0,0,0,0.0,-35.96,0.4333,0.4747,0.381,0.4606,0.5824,0.257
351,1,0,0,0.0,-65.33,0.5913,,,,,0.255
352,0,0,0,0.0,-21.67,0.3887,,,,,0.252
353,1,1,1,0.035,-42.68,0.4893,,,,,0.25
354,1,0,0,0.0,-62.88,0.5194,,,,,0.248
355,1,1,1,0.215,-66.32,0.7306,,,,,0.246
356,1,1,1,0.209,-43.63,0.5062,,,,,0.244
357,1,1,0,0.047,-41.97,0.5162,,,,,0.242
358,1,0,1,0.0,-43.8,0.4733,,,,,0.24
359,0,1,1,0.168,-32.8,0.4357,,,,,0.238
360,0,1,0,0.026,-20.13,0.3173,,,,,0.236
361,0,0,0,0.0,-16.93,0.3182,,,,,0.233
362,0,1,1,0.129,-33.63,0.5068,,,,,0.231
363,1,1,0,0.072,-26.74,0.3403,,,,,0.229
364,0,0,0,0.0,-40.97,0.4837,,,,,0.227
365,0,0,1,0.0,-46.01,0.4932,,,,,0.225
366,1,1,1,0.187,-27.99,0.4442,,,,,0.223
367,1,1,1,0.245,-40.89,0.4665,,,,,0.221
368,1,0,1,0.0,-29.4,0.3544,,,,,0.219
369,1,0,1,0.0,-41.51,0.4543,,,,,0.216
370,0,1,0,0.032,-30.0,0.3753,,,,,0.214
371,0,1,1,0.203,-31.42,0.4547,,,,,0.212
372,1,0,0,0.0,-57.31,0.5373,,,,,0.21
373,1,0,0,0.0,-29.65,0.3955,,,,,0.208
374,0,0,1,0.0,-25.46,0.3951,,,,,0.206
375,0,1,0,0.009,-21.55,0.3066,,,,,0.204
376,0,0,0,0.0,-23.45,0.3479,,,,,0.201
377,0,0,0,0.0,-16.56,0.2819,,,,,0.199
378,0,1,0,0.222,-36.71,0.4389,,,,,0.197
379,1,1,1,0.114,-53.72,0.5013,,,,,0.195
380,0,0,0,0.0,-58.3,0.4777,,,,,0.193
381,1,0,1,0.0,-27.53,0.3814,,,,,0.191
382,1,1,1,0.138,-51.54,0.5238,,,,,0.189
383,1,0,1,0.0,-29.17,0.3629,,,,,0.187
384,1,0,1,0.0,-66.26,0.5356,,,,,0.185
385,1,0,1,0.0,-35.43,0.4474,,,,,0.182
386,0,0,1,0.0,-13.7,0.2919,,,,,0.18
387,1,1,0,0.194,-42.05,0.5058,,,,,0.178
388,0,1,1,0.047,-39.51,0.4322,,,,,0.176
389,1,1,1,0.199,-58.1,0.5917,,,,,0.174
390,0,1,0,0.241,-44.32,0.4827,,,,,0.172
391,1,0,1,0.0,-31.93,0.3818,,,,,0.17
392,1,1,1,0.103,-32.78,0.4474,,,,,0.168
393,1,0,0,0.0,-21.44,0.2733,,,,,0.165
394,1,1,1,0.199,-68.61,0.6538,,,,,0.163
395,1,1,0,0.108,-36.73,0.4592,,,,,0.161
396,0,0,0,0.0,-20.45,0.2977,,,,,0.159
397,1,0,0,0.0,-32.53,0.3925,,,,,0.157
398,1,1,0,0.068,-28.3,0.3722,,,,,0.155
399,0,1,0,0.172,-27.4,0.4396,,,,,0.153
400,0,1,1,0.24,-32.28,0.4331,0.4329,0.361,0.4395,0.4982,0.15
401,0,0,0,0.0,-19.21,0.3118,,,,,0.148
402,0,1,0,0.189,-49.32,0.507,,,,,0.146
403,0,1,1,0.041,-17.49,0.3088,,,,,0.144
404,0,0,0,0.0,-18.97,0.2687,,,,,0.142
405,1,1,1,0.191,-37.34,0.4658,,,,,0.14
406,1,0,0,0.0,-22.18,0.3013,,,,,0.138
407,1,1,1,0.031,-24.56,0.3925,,,,,0.136
408,0,1,0,0.227,-67.76,0.5909,,,,,0.133
409,1,0,1,0.0,-15.57,0.2722,,,,,0.131
410,0,0,0,0.0,-26.56,0.3329,,,,,0.129
411,0,1,0,0.046,-29.04,0.3825,,,,,0.127
412,1,1,0,0.217,-33.44,0.4513,,,,,0.125
413,1,1,0,0.218,-31.94,0.4328,,,,,0.123
414,0,0,0,0.0,-20.8,0.3216,,,,,0.12
415,1,0,1,0.0,-37.53,0.3684,,,,,0.118
416,1,1,0,0.074,-15.03,0.2642,,,,,0.116
417,1,0,1,0.0,-51.29,0.4721,,,,,0.114
418,1,1,0,0.005,-13.92,0.2638,,,,,0.112
419,0,0,1,0.0,-24.87,0.329,,,,,0.11
420,1,1,0,0.149,-24.83,0.3928,,,,,0.108
421,0,0,1,0.0,-31.55,0.3753,,,,,0.106
422,0,1,1,0.094,-33.93,0.4031,,,,,0.103
423,0,1,1,0.1,-16.22,0.3277,,,,,0.101
424,1,0,0,0.0,-36.9,0.4302,,,,,0.099
425,0,1,0,0.208,-26.39,0.391,,,,,0.097
426,0,1,1,0.236,-27.05,0.4379,,,,,0.095
427,1,1,1,0.207,-49.41,0.4748,,,,,0.093
428,1,0,0,0.0,-31.15,0.393,,,,,0.091
429,0,0,1,0.0,-17.9,0.3038,,,,,0.089
430,0,1,1,0.06,-49.76,0.4475,,,,,0.087
431,1,0,0,0.0,-15.74,0.2652,,,,,0.084
432,1,1,1,0.067,-15.03,0.2738,,,,,0.082
433,1,1,1,0.068,-25.94,0.3688,,,,,0.08
434,1,1,1,0.02,-54.93,0.4507,,,,,0.078
435,1,1,1,0.242,-28.3,0.3924,,,,,0.076
436,0,0,0,0.0,-22.25,0.2983,,,,,0.074
437,0,0,1,0.0,-28.35,0.3863,,,,,0.072
438,1,1,1,0.137,-30.84,0.3752,,,,,0.07
439,0,0,1,0.0,-24.27,0.3426,,,,,0.068
440,1,0,1,0.0,-76.56,0.5577,,,,,0.066
441,0,0,0,0.0,-19.85,0.2911,,,,,0.063
442,0,1,0,0.176,-31.48,0.3782,,,,,0.061
443,1,1,1,0.141,-26.63,0.3275,,,,,0.059
444,0,0,0,0.0,-35.4,0.4077,,,,,0.057
445,0,1,1,0.045,-24.9,0.3446,,,,,0.055
446,0,1,1,0.015,-12.9,0.3063,,,,,0.053
447,1,1,0,0.001,-25.12,0.3847,,,,,0.051
448,0,1,0,0.057,-37.41,0.4475,,,,,0.05
449,0,0,0,0.0,-55.25,0.4859,,,,,0.05
450,1,1,0,0.065,-28.47,0.3795,0.4109,0.3353,0.4119,0.4854,0.05
451,0,0,0,0.0,-23.42,0.286,,,,,0.05
452,0,0,1,0.0,-20.2,0.3404,,,,,0.05
453,0,1,0,0.143,-36.71,0.4182,,,,,0.05
454,1,1,1,0.084,-11.17,0.2506,,,,,0.05
455,0,0,1,0.0,-15.82,0.2748,,,,,0.05
456,1,0,0,0.0,-49.03,0.4946,,,,,0.05
457,1,1,1,0.12,-35.65,0.4038,,,,,0.05
458,1,1,0,0.074,-35.29,0.4421,,,,,0.05
459,0,1,0,0.189,-40.79,0.4445,,,,,0.05
460,1,1,1,0.211,-34.14,0.4424,,,,,0.05
461,0,1,0,0.156,-36.64,0.4508,,,,,0.05
462,0,0,1,0.0,-31.06,0.3672,,,,,0.05
463,1,1,0,0.159,-66.48,0.658,,,,,0.05
464,1,1,0,0.161,-44.19,0.4629,,,,,0.05
465,1,1,1,0.151,-98.49,0.7435,,,,,0.05
466,1,1,0,0.223,-59.78,0.5735,,,,,0.05
467,1,1,0,0.045,-29.61,0.3444,,,,,0.05
468,0,1,0,0.097,-10.81,0.2575,,,,,0.05
469,0,1,0,0.04,-21.71,0.2829,,,,,0.05
470,1,1,1,0.021,-33.15,0.3889,,,,,0.05
471,1,1,0,0.021,-36.86,0.4076,,,,,0.05
472,1,0,0,0.0,-21.52,0.2785,,,,,0.05
473,1,1,0,0.132,-18.21,0.2861,,,,,0.05
474,0,0,1,0.0,-42.84,0.4665,,,,,0.05
475,1,0,0,0.0,-14.7,0.3957,,,,,0.05
476,1,1,0,0.099,-51.64,0.4619,,,,,0.05
477,0,0,0,0.0,-33.51,0.3764,,,,,0.05
478,0,1,0,0.217,-41.2,0.4957,,,,,0.05
479,0,1,1,0.106,-48.41,0.5418,,,,,0.05
480,0,0,0,0.0,-46.21,0.4472,,,,,0.05
481,1,1,0,0.248,-47.8,0.5522,,,,,0.05
482,1,1,0,0.233,-52.7,0.5196,,,,,0.05
483,0,0,1,0.0,-37.89,0.4332,,,,,0.05
484,1,1,0,0.243,-28.16,0.3261,,,,,0.05
485,0,1,1,0.207,-20.84,0.3696,,,,,0.05
486,1,1,0,0.133,-30.86,0.5141,,,,,0.05
487,1,0,1,0.0,-63.04,0.5816,,,,,0.05
488,0,0,0,0.0,-21.8,0.329,,,,,0.05
489,1,1,1,0.031,-23.1,0.3157,,,,,0.05
490,1,0,1,0.0,-22.81,0.3196,,,,,0.05
491,1,1,1,0.157,-26.55,0.3858,,,,,0.05
492,1,0,1,0.0,-24.16,0.3332,,,,,0.05
493,1,0,1,0.0,-21.13,0.3407,,,,,0.05
494,0,1,0,0.197,-39.55,0.4609,,,,,0.05
495,0,1,0,0.135,-17.85,0.3262,,,,,0.05
496,0,0,0,0.0,-18.74,0.3465,,,,,0.05
497,1,0,1,0.0,-34.21,0.4587,,,,,0.05
498,0,0,1,0.0,-15.66,0.3062,,,,,0.05
499,0,1,0,0.056,-25.75,0.4086,,,,,0.05
500,1,0,1,0.0,-58.68,0.5113,0.4175,0.3378,0.4111,0.5036,0.05
501,0,0,1,0.0,-22.47,0.3858,,,,,0.05
502,0,0,1,0.0,-25.68,0.3481,,,,,0.05
503,0,1,0,0.145,-17.73,0.3099,,,,,0.05
504,1,0,1,0.0,-32.08,0.4198,,,,,0.05
505,1,1,1,0.241,-47.28,0.5013,,,,,0.05
506,0,1,0,0.234,-42.61,0.4904,,,,,0.05
507,0,0,0,0.0,-34.88,0.4188,,,,,0.05
508,1,1,1,0.136,-25.57,0.3692,,,,,0.05
509,0,1,1,0.147,-32.84,0.3829,,,,,0.05
510,1,1,1,0.119,-31.77,0.396,,,,,0.05
511,1,0,1,0.0,-60.35,0.6079,,,,,0.05
512,0,0,0,0.0,-23.53,0.3418,,,,,0.05
513,1,1,1,0.003,-30.52,0.3666,,,,,0.05
514,0,0,0,0.0,-13.5,0.2231,,,,,0.05
515,1,0,0,0.0,-39.21,0.4164,,,,,0.05
516,1,1,0,0.193,-60.66,0.577,,,,,0.05
517,0,0,0,0.0,-27.06,0.3299,,,,,0.05
518,1,0,1,0.0,-31.87,0.3578,,,,,0.05
519,1,1,1,0.031,-39.6,0.4662,,,,,0.05
520,0,1,1,0.012,-36.31,0.4037,,,,,0.05
521,0,1,1,0.085,-19.4,0.3156,,,,,0.05
522,0,1,1,0.094,-43.97,0.5088,,,,,0.05
523,0,1,0,0.245,-42.07,0.4479,,,,,0.05
524,1,0,1,0.0,-20.23,0.2906,,,,,0.05
525,0,0,0,0.0,-45.8,0.4698,,,,,0.05
526,0,0,0,0.0,-26.75,0.3787,,,,,0.05
527,0,1,1,0.242,-26.65,0.3774,,,,,0.05
528,0,0,1,0.0,-12.46,0.2714,,,,,0.05
529,1,1,0,0.014,-34.34,0.4469,,,,,0.05
530,0,1,1,0.219,-25.8,0.3799,,,,,0.05
531,0,1,1,0.156,-41.45,0.3543,,,,,0.05
532,1,1,1,0.011,-10.02,0.2491,,,,,0.05
533,1,0,1,0.0,-13.43,0.2266,,,,,0.05
534,0,0,1,0.0,-30.88,0.4153,,,,,0.05
535,1,1,1,0.077,-20.53,0.3593,,,,,0.05
536,0,0,0,0.0,-14.81,0.3039,,,,,0.05
537,1,0,1,0.0,-27.11,0.3756,,,,,0.05
538,1,0,0,0.0,-16.85,0.2947,,,,,0.05
539,1,0,1,0.0,-70.14,0.5661,,,,,0.05
540,1,1,0,0.201,-61.67,0.5712,,,,,0.05
541,1,0,1,0.0,-13.83,0.2961,,,,,0.05
542,0,1,0,0.115,-43.91,0.4931,,,,,0.05
543,0,1,1,0.023,-33.14,0.4008,,,,,0.05
544,0,0,0,0.0,-36.29,0.4057,,,,,0.05
545,0,0,0,0.0,-7.46,0.2266,,,,,0.05
546,1,0,0,0.0,-30.04,0.4064,,,,,0.05
547,1,1,1,0.002,-93.74,0.6748,,,,,0.05
548,1,0,1,0.0,-24.44,0.3031,,,,,0.05
549,1,1,0,0.027,-19.19,0.2894,,,,,0.05
550,1,1,0,0.073,-38.92,0.4635,0.4243,0.3635,0.4281,0.4815,0.05
551,1,0,0,0.0,-36.66,0.4141,,,,,0.05
552,0,0,0,0.0,-26.64,0.3758,,,,,0.05
553,0,0,0,0.0,-23.0,0.3251,,,,,0.05
554,0,0,1,0.0,-26.48,0.3435,,,,,0.05
555,1,0,1,0.0,-18.34,0.3008,,,,,0.05
556,0,1,0,0.139,-38.37,0.4375,,,,,0.05
557,0,0,0,0.0,-29.71,0.464,,,,,0.05
558,1,1,0,0.219,-48.01,0.5417,,,,,0.05
559,1,0,0,0.0,-23.2,0.3253,,,,,0.05
560,0,0,0,0.0,-27.74,0.4284,,,,,0.05
561,0,1,1,0.077,-21.52,0.3559,,,,,0.05
562,1,0,1,0.0,-20.94,0.3151,,,,,0.05
563,0,1,0,0.026,-23.26,0.3965,,,,,0.05
564,1,1,1,0.193,-48.44,0.5213,,,,,0.05
565,0,0,0,0.0,-42.52,0.4134,,,,,0.05
566,1,0,0,0.0,-56.61,0.5207,,,,,0.05
567,0,0,1,0.0,-37.24,0.425,,,,,0.05
568,0,0,1,0.0,-29.7,0.3918,,,,,0.05
569,0,0,1,0.0,-37.78,0.449,,,,,0.05
570,0,1,1,0.204,-26.88,0.4001,,,,,0.05
571,0,0,1,0.0,-19.43,0.3043,,,,,0.05
572,1,0,0,0.0,-24.1,0.3325,,,,,0.05
573,1,1,1,0.005,-22.67,0.2963,,,,,0.05
574,0,0,0,0.0,-20.58,0.344,,,,,0.05
575,1,0,0,0.0,-25.47,0.313,,,,,0.05
576,1,0,1,0.0,-16.05,0.305,,,,,0.05
577,1,1,1,0.197,-63.14,0.6156,,,,,0.05
578,0,0,0,0.0,-20.79,0.3099,,,,,0.05
579,1,1,0,0.104,-25.27,0.3398,,,,,0.05
580,1,1,0,0.182,-121.96,0.5247,,,,,0.05
581,1,0,0,0.0,-32.74,0.4053,,,,,0.05
582,0,1,0,0.192,-29.17,0.4135,,,,,0.05
583,0,0,0,0.0,-26.15,0.3462,,,,,0.05
584,1,0,0,0.0,-16.91,0.2673,,,,,0.05
585,1,1,0,0.142,-24.57,0.3676,,,,,0.05
586,0,0,0,0.0,-9.86,0.2267,,,,,0.05
587,1,1,1,0.197,-39.92,0.4986,,,,,0.05
588,0,1,0,0.143,-50.27,0.5251,,,,,0.05
589,1,0,0,0.0,-42.43,0.4249,,,,,0.05
590,1,0,0,0.0,-63.22,0.5166,,,,,0.05
591,0,0,1,0.0,-20.83,0.3015,,,,,0.05
592,1,0,0,0.0,-22.05,0.3569,,,,,0.05
593,1,1,1,0.209,-41.42,0.5729,,,,,0.05
594,0,0,0,0.0,-15.36,0.2295,,,,,0.05
595,1,1,0,0.189,-24.89,0.3973,,,,,0.05
596,0,1,1,0.144,-24.02,0.3609,,,,,0.05
597,0,1,1,0.164,-85.76,0.8084,,,,,0.05
598,0,1,0,0.243,-20.39,0.331,,,,,0.05
599,1,0,1,0.0,-24.62,0.3639,,,,,0.05
600,0,1,1,0.114,-51.04,0.5278,0.4352,0.3419,0.4197,0.544,0.05
601,0,0,0,0.0,-20.44,0.2701,,,,,0.05
602,0,1,0,0.247,-40.62,0.5754,,,,,0.05
603,1,0,0,0.0,-13.83,0.2383,,,,,0.05
604,1,1,0,0.233,-19.55,0.3115,,,,,0.05
605,0,0,1,0.0,-66.96,0.5981,,,,,0.05
606,1,1,0,0.086,-15.95,0.2697,,,,,0.05
607,1,0,1,0.0,-65.73,0.4908,,,,,0.05
608,0,0,1,0.0,-26.59,0.3648,,,,,0.05
609,1,0,1,0.0,-77.85,0.6795,,,,,0.05
610,0,1,0,0.219,-24.02,0.3481,,,,,0.05
611,0,0,0,0.0,-12.89,0.2345,,,,,0.05
612,1,1,1,0.056,-44.75,0.5587,,,,,0.05
613,0,1,0,0.125,-24.65,0.3863,,,,,0.05
614,0,0,1,0.0,-28.69,0.3446,,,,,0.05
615,0,0,1,0.0,-32.81,0.4251,,,,,0.05
616,0,0,1,0.0,-20.19,0.3351,,,,,0.05
617,1,0,1,0.0,-17.59,0.2653,,,,,0.05
618,0,0,1,0.0,-22.71,0.3483,,,,,0.05
619,0,0,0,0.0,-15.95,0.2771,,,,,0.05
620,0,0,0,0.0,-29.0,0.3621,,,,,0.05
621,1,1,0,0.109,-56.92,0.6193,,,,,0.05
622,1,0,1,0.0,-30.79,0.3528,,,,,0.05
623,0,1,0,0.136,-49.74,0.5047,,,,,0.05
624,0,1,1,0.153,-26.89,0.4669,,,,,0.05
625,0,1,1,0.118,-19.27,0.3006,,,,,0.05
626,0,1,1,0.143,-21.61,0.3526,,,,,0.05
627,1,0,0,0.0,-17.2,0.2595,,,,,0.05
628,0,0,1,0.0,-20.02,0.3328,,,,,0.05
629,0,0,1,0.0,-16.67,0.2992,,,,,0.05
630,1,0,1,0.0,-22.81,0.3459,,,,,0.05
631,1,0,1,0.0,-40.32,0.4139,,,,,0.05
632,0,1,0,0.188,-40.15,0.4386,,,,,0.05
633,1,1,1,0.221,-34.43,0.4744,,,,,0.05
634,1,0,1,0.0,-33.61,0.4155,,,,,0.05
635,0,0,0,0.0,-26.91,0.3533,,,,,0.05
636,1,1,1,0.218,-52.13,0.5223,,,,,0.05
637,1,1,1,0.125,-61.78,0.6018,,,,,0.05
638,0,1,0,0.204,-19.81,0.3209,,,,,0.05
639,1,1,1,0.184,-26.5,0.3904,,,,,0.05
640,1,0,0,0.0,-20.67,0.3575,,,,,0.05
641,0,1,0,0.06,-11.4,0.2717,,,,,0.05
642,0,0,1,0.0,-43.89,0.5083,,,,,0.05
643,0,0,0,0.0,-25.5,0.3138,,,,,0.05
644,1,0,1,0.0,-31.41,0.3885,,,,,0.05
645,1,0,0,0.0,-29.52,0.3573,,,,,0.05
646,1,1,1,0.029,-52.02,0.5092,,,,,0.05
647,1,0,1,0.0,-75.44,0.6329,,,,,0.05
648,1,0,1,0.0,-68.3,0.598,,,,,0.05
649,0,0,0,0.0,-23.62,0.3103,,,,,0.05
650,1,0,0,0.0,-20.09,0.2913,0.4137,0.342,0.4083,0.4909,0.05
651,1,0,1,0.0,-19.02,0.3302,,,,,0.05
652,0,0,1,0.0,-31.33,0.4378,,,,,0.05
653,0,1,1,0.186,-44.12,0.4723,,,,,0.05
654,1,1,0,0.21,-53.05,0.5884,,,,,0.05
655,0,1,0,0.248,-41.78,0.4919,,,,,0.05
656,1,1,0,0.043,-13.31,0.2608,,,,,0.05
657,0,1,1,0.025,-28.33,0.3937,,,,,0.05
658,1,1,0,0.076,-16.54,0.2432,,,,,0.05
659,1,0,0,0.0,-11.98,0.2344,,,,,0.05
660,1,1,1,0.21,-42.55,0.4251,,,,,0.05
661,0,1,1,0.086,-32.56,0.3995,,,,,0.05
662,0,0,0,0.0,-25.09,0.3588,,,,,0.05
663,0,0,0,0.0,-31.91,0.4075,,,,,0.05
664,0,0,0,0.0,-25.45,0.3793,,,,,0.05
665,1,0,0,0.0,-34.84,0.4407,,,,,0.05
666,1,1,0,0.122,-26.67,0.3221,,,,,0.05
667,0,0,1,0.0,-34.8,0.3836,,,,,0.05
668,1,0,1,0.0,-44.21,0.4442,,,,,0.05
669,1,1,0,0.137,-26.42,0.3265,,,,,0.05
670,0,1,0,0.044,-25.24,0.4101,,,,,0.05
671,0,0,1,0.0,-29.34,0.4201,,,,,0.05
672,0,0,1,0.0,-15.99,0.3038,,,,,0.05
673,1,1,0,0.04,-32.82,0.4157,,,,,0.05
674,0,1,0,0.238,-61.93,0.6558,,,,,0.05
675,1,1,0,0.178,-38.64,0.4527,,,,,0.05
676,1,1,0,0.2,-22.39,0.4267,,,,,0.05
677,1,0,1,0.0,-39.76,0.4668,,,,,0.05
678,0,1,0,0.06,-21.27,0.3363,,,,,0.05
679,1,0,0,0.0,-59.34,0.5151,,,,,0.05
680,0,1,1,0.011,-25.39,0.358,,,,,0.05
681,0,0,1,0.0,-40.62,0.4987,,,,,0.05
682,1,0,0,0.0,-47.99,0.5004,,,,,0.05
683,0,0,0,0.0,-41.26,0.5068,,,,,0.05
684,0,1,1,0.24,-60.49,0.608,,,,,0.05
685,1,1,0,0.177,-41.5,0.4265,,,,,0.05
686,1,0,0,0.0,-44.9,0.4804,,,,,0.05
687,0,0,0,0.0,-35.16,0.4537,,,,,0.05
688,0,0,0,0.0,-13.84,0.264,,,,,0.05
689,0,1,0,0.066,-17.41,0.2788,,,,,0.05
690,0,0,1,0.0,-37.03,0.4198,,,,,0.05
691,1,0,1,0.0,-24.11,0.3354,,,,,0.05
692,1,0,1,0.0,-85.14,0.6988,,,,,0.05
693,0,0,0,0.0,-20.19,0.3517,,,,,0.05
694,0,1,0,0.128,-31.73,0.4408,,,,,0.05
695,1,0,1,0.0,-37.13,0.4465,,,,,0.05
696,0,0,1,0.0,-38.65,0.4093,,,,,0.05
697,1,1,0,0.224,-60.44,0.5699,,,,,0.05
698,0,0,0,0.0,-38.92,0.423,,,,,0.05
699,0,0,0,0.0,-38.26,0.4374,,,,,0.05
700,1,0,0,0.0,-13.87,0.2226,0.4361,0.3547,0.4332,0.5205,0.05
701,1,0,1,0.0,-19.32,0.2898,,,,,0.05
702,1,1,1,0.122,-17.48,0.312,,,,,0.05
703,1,0,0,0.0,-114.76,0.8179,,,,,0.05
704,1,0,1,0.0,-54.24,0.5753,,,,,0.05
705,0,0,0,0.0,-23.63,0.3462,,,,,0.05
706,0,0,1,0.0,-29.14,0.3496,,,,,0.05
707,0,0,0,0.0,-17.93,0.2801,,,,,0.05
708,0,0,1,0.0,-31.83,0.4099,,,,,0.05
709,1,0,1,0.0,-33.76,0.3813,,,,,0.05
710,0,1,0,0.044,-10.33,0.2022,,,,,0.05
711,0,1,1,0.156,-26.62,0.407,,,,,0.05
712,0,1,1,0.2,-31.1,0.4419,,,,,0.05
713,1,0,1,0.0,-10.75,0.2916,,,,,0.05
714,1,1,1,0.093,-43.54,0.4638,,,,,0.05
715,0,0,1,0.0,-25.85,0.3509,,,,,0.05
716,1,0,0,0.0,-31.63,0.3667,,,,,0.05
717,0,0,1,0.0,-14.02,0.2649,,,,,0.05
718,1,0,0,0.0,-19.07,0.2811,,,,,0.05
719,0,1,1,0.198,-58.16,0.6152,,,,,0.05
720,1,0,0,0.0,-19.43,0.2902,,,,,0.05
721,1,0,0,0.0,-26.27,0.3869,,,,,0.05
722,1,0,1,0.0,-31.13,0.3429,,,,,0.05
723,1,1,1,0.005,-65.33,0.5829,,,,,0.05
724,0,0,0,0.0,-17.13,0.2905,,,,,0.05
725,1,1,1,0.213,-28.78,0.4386,,,,,0.05
726,1,0,0,0.0,-57.42,0.5639,,,,,0.05
727,0,0,1,0.0,-36.29,0.4617,,,,,0.05
728,1,1,0,0.048,-21.0,0.3012,,,,,0.05
729,0,0,0,0.0,-31.84,0.3302,,,,,0.05
730,0,0,1,0.0,-32.14,0.3703,,,,,0.05
731,1,0,1,0.0,-24.63,0.3489,,,,,0.05
732,1,1,1,0.199,-46.92,0.5124,,,,,0.05
733,1,1,1,0.219,-64.48,0.6223,,,,,0.05
734,1,1,1,0.235,-53.62,0.5585,,,,,0.05
735,0,0,0,0.0,-29.86,0.3731,,,,,0.05
736,1,1,0,0.204,-17.33,0.3567,,,,,0.05
737,1,0,0,0.0,-25.34,0.3722,,,,,0.05
738,0,1,1,0.153,-45.71,0.5116,,,,,0.05
739,1,0,1,0.0,-17.23,0.2857,,,,,0.05
740,1,0,1,0.0,-24.0,0.3578,,,,,0.05
741,1,0,1,0.0,-46.66,0.5249,,,,,0.05
742,1,0,1,0.0,-36.04,0.4412,,,,,0.05
743,0,1,1,0.217,-44.4,0.4836,,,,,0.05
744,0,1,1,0.013,-17.0,0.2983,,,,,0.05
745,0,1,1,0.072,-27.06,0.3775,,,,,0.05
746,0,0,1,0.0,-33.35,0.3298,,,,,0.05
747,1,0,0,0.0,-27.58,0.3374,,,,,0.05
748,0,1,0,0.112,-37.37,0.4287,,,,,0.05
749,1,1,1,0.018,-52.64,0.5014,,,,,0.05
750,0,1,1,0.089,-19.76,0.3269,0.4086,0.3253,0.3952,0.5051,0.05
751,0,0,0,0.0,-19.22,0.3101,,,,,0.05
752,0,0,1,0.0,-14.53,0.2617,,,,,0.05
753,0,1,1,0.162,-43.03,0.5115,,,,,0.05
754,1,0,1,0.0,-47.14,0.4959,,,,,0.05
755,1,0,0,0.0,-19.7,0.2804,,,,,0.05
756,1,1,0,0.164,-22.73,0.3602,,,,,0.05
757,0,0,0,0.0,-18.77,0.3223,,,,,0.05
758,1,0,0,0.0,-15.1,0.2489,,,,,0.05
759,0,0,1,0.0,-26.95,0.3826,,,,,0.05
760,1,0,0,0.0,-40.17,0.4491,,,,,0.05
761,0,0,0,0.0,-24.75,0.3129,,,,,0.05
762,1,0,1,0.0,-26.07,0.3355,,,,,0.05
763,0,1,1,0.165,-38.07,0.4495,,,,,0.05
764,0,1,0,0.162,-39.46,0.5084,,,,,0.05
765,0,0,1,0.0,-27.96,0.3569,,,,,0.05
766,0,1,1,0.095,-37.74,0.4552,,,,,0.05
767,0,1,0,0.14,-27.08,0.4409,,,,,0.05
768,0,1,1,0.144,-24.89,0.3824,,,,,0.05
769,0,1,0,0.066,-28.62,0.3491,,,,,0.05
770,0,0,1,0.0,-46.45,0.442,,,,,0.05
771,1,0,1,0.0,-53.74,0.5672,,,,,0.05
772,0,0,0,0.0,-12.17,0.2451,,,,,0.05
773,1,1,0,0.083,-29.69,0.4183,,,,,0.05
774,0,0,1,0.0,-20.55,0.3528,,,,,0.05
775,1,1,0,0.167,-63.52,0.6433,,,,,0.05
776,0,1,1,0.097,-27.87,0.3621,,,,,0.05
777,0,1,1,0.092,-34.59,0.4334,,,,,0.05
778,1,0,1,0.0,-35.3,0.4371,,,,,0.05
779,1,1,1,0.022,-35.28,0.4431,,,,,0.05
780,0,1,0,0.192,-33.31,0.4726,,,,,0.05
781,0,1,1,0.134,-18.39,0.3067,,,,,0.05
782,0,0,0,0.0,-27.13,0.3473,,,,,0.05
783,0,0,1,0.0,-26.43,0.3748,,,,,0.05
784,1,0,1,0.0,-43.82,0.4714,,,,,0.05
785,1,1,1,0.087,-28.99,0.3722,,,,,0.05
786,1,0,0,0.0,-18.06,0.2843,,,,,0.05
787,0,0,1,0.0,-27.8,0.347,,,,,0.05
788,0,0,0,0.0,-21.73,0.3162,,,,,0.05
789,1,0,1,0.0,-14.27,0.2373,,,,,0.05
790,0,0,1,0.0,-12.84,0.2357,,,,,0.05
791,1,1,0,0.223,-32.24,0.4359,,,,,0.05
792,0,0,0,0.0,-41.61,0.4311,,,,,0.05
793,0,0,0,0.0,-17.45,0.2666,,,,,0.05
794,1,1,0,0.162,-36.64,0.4164,,,,,0.05
795,0,1,0,0.249,-54.46,0.558,,,,,0.05
796,0,0,0,0.0,-13.62,0.247,,,,,0.05
797,1,0,1,0.0,-15.37,0.2304,,,,,0.05
798,1,1,0,0.146,-46.62,0.5138,,,,,0.05
799,1,1,1,0.193,-67.67,0.6656,,,,,0.05
800,0,1,0,0.197,-47.93,0.5264,0.4181,0.3438,0.4169,0.4935,0.05
