scenario,controller,seed,headway_cv,travel_s,wait_s,wait_direct
Stage A (D+T),NC,1,0.3280570303338879,5009.833333333333,165.02615514550354,164.93803418803418
Stage A (D+T),NC,5,0.3325697648787328,5014.916666666667,167.87364935767667,162.53846153846155
Stage A (D+T),NC,3,0.2894080226144052,5074.833333333333,162.70485948498865,165.27777777777777
Stage A (D+T),NC,0,0.4094921639874145,5114.0,170.7476750164354,170.88247863247864
Stage A (D+T),NC,2,0.5132931925508932,5047.583333333333,186.0168766937988,187.38247863247864
Stage A (D+T),NC,4,0.29911223058833303,5042.916666666667,167.8873202713452,170.55982905982907
Stage A (D+T),NC,9,0.42931316946409004,5047.583333333333,171.5296892357427,173.3653846153846
Stage A (D+T),NC,8,0.29481408767130896,5041.916666666667,166.9646266014897,153.9551282051282
Stage A (D+T),NC,10,0.238972385528641,5053.583333333333,156.88108604713108,160.71153846153845
Stage A (D+T),NC,6,0.2910254272315447,5010.0,163.29301299767405,162.91666666666666
Stage A (D+T),NC,11,0.40858747350819435,5012.0,177.29641249175577,180.95726495726495
Stage A (D+T),NC,7,0.35619671656242247,5089.833333333333,178.9932373400276,178.17521367521368
Stage A (D+T),NC,12,0.3398693222934306,4995.5,163.0541369035509,166.22649572649573
Stage A (D+T),NC,15,0.3162501500498071,5029.25,158.96276351185304,153.32051282051282
Stage A (D+T),NC,14,0.278381299658367,5047.916666666667,159.87896558629137,164.18803418803418
Stage A (D+T),NC,13,0.35153259028695366,5077.583333333333,172.52878209812917,175.57051282051282
Stage A (D+T),NC,16,0.2923435458656723,5045.916666666667,163.97584927888025,154.75213675213675
Stage A (D+T),NC,17,0.24898358197038323,5160.333333333333,160.2273081179082,164.94871794871796
Stage A (D+T),NC,18,0.32655736404724806,5026.166666666667,163.1671797814457,169.73290598290598
Stage A (D+T),NC,20,0.3811812773275774,4984.833333333333,166.5458383385128,176.88675213675214
Stage A (D+T),NC,19,0.28046134897743064,5065.083333333333,168.42737064377613,168.5897435897436
Stage A (D+T),NC,22,0.2561040403819657,5011.416666666667,156.84634708335346,158.32692307692307
Stage A (D+T),NC,21,0.2919553625832369,5019.833333333333,161.25322084127257,162.9551282051282
Stage A (D+T),NC,23,0.25612498667017886,5055.5,166.27240925676668,160.62820512820514
Stage A (D+T),NC,24,0.23787908989961534,5000.0,159.9530391232979,155.01068376068375
Stage A (D+T),NC,25,0.3700363821346725,5005.666666666667,162.4056088682731,163.40384615384616
Stage A (D+T),NC,27,0.31469546012631183,4979.333333333333,163.36314752713182,163.7905982905983
Stage A (D+T),NC,26,0.4338591723680921,5096.25,171.5096546787211,172.23717948717947
Stage A (D+T),NC,28,0.28621038959558176,5067.916666666667,161.23917969597778,161.62820512820514
Stage A (D+T),NC,29,0.46413019469546235,5068.083333333333,180.03817087304932,184.21794871794873
Stage A (D+T),FH,0,0.27289675112291706,5171.0,161.5056056778845,161.30555555555554
Stage A (D+T),FH,2,0.2342698224940888,5104.833333333333,166.00928511016622,163.92521367521368
Stage A (D+T),FH,1,0.2941450766422513,5171.25,167.49108048857823,165.63247863247864
Stage A (D+T),FH,3,0.19854213408518334,5158.583333333333,161.02975628642292,163.18376068376068
Stage A (D+T),FH,4,0.21784956822645657,5096.916666666667,163.0906250975689,163.64316239316238
Stage A (D+T),FH,5,0.2995376363435501,5103.083333333333,165.70203737217972,171.51282051282053
Stage A (D+T),FH,6,0.18187904268685862,5042.333333333333,158.76193809098996,158.41239316239316
Stage A (D+T),FH,8,0.20516448097637877,5054.416666666667,157.87755938572556,155.39743589743588
Stage A (D+T),FH,10,0.15210950565961381,5078.416666666667,155.85308784325258,153.23717948717947
Stage A (D+T),FH,9,0.21586978100832976,5158.25,155.22603498148374,164.39316239316238
Stage A (D+T),FH,7,0.23016173257264985,5167.25,164.51550470101952,172.18162393162393
Stage A (D+T),FH,11,0.2961949968575201,5147.666666666667,163.5994769747035,165.72649572649573
Stage A (D+T),FH,12,0.22224164242771566,5072.5,160.5329188052354,162.66239316239316
Stage A (D+T),FH,13,0.2831369790003698,5157.5,166.38199007571833,177.65384615384616
Stage A (D+T),FH,14,0.19257844709869099,5106.0,154.98080575745863,155.80982905982907
Stage A (D+T),FH,15,0.24424554194230616,5159.333333333333,159.22538350767755,157.38675213675214
Stage A (D+T),FH,16,0.2558318628086488,5169.916666666667,157.56431784301668,158.07051282051282
Stage A (D+T),FH,17,0.22676576048718772,5252.916666666667,160.62019066665488,168.18803418803418
Stage A (D+T),FH,18,0.25607774616610446,5146.666666666667,160.611652636554,163.89316239316238
Stage A (D+T),FH,19,0.2826876493714262,5178.833333333333,165.60387233585766,162.9188034188034
Stage A (D+T),FH,20,0.2334884063786582,5122.0,157.28794689108668,162.01068376068375
Stage A (D+T),FH,22,0.2494046562718511,5098.916666666667,156.27870267191412,153.8311965811966
Stage A (D+T),FH,21,0.23740656186344275,5173.333333333333,157.19421241244027,163.17735042735043
Stage A (D+T),FH,23,0.2562976249039666,5177.916666666667,164.29111476409497,163.28846153846155
Stage A (D+T),FH,24,0.2511279386641885,5100.083333333333,158.099668904929,157.13247863247864
Stage A (D+T),FH,25,0.18924258380944678,5070.666666666667,151.89064213892186,153.60683760683762
Stage A (D+T),FH,26,0.22777443281015106,5128.833333333333,158.58173249306088,163.0363247863248
Stage A (D+T),FH,27,0.21318277768685323,5147.25,159.0807392905635,162.87179487179486
Stage A (D+T),FH,28,0.22011478957846514,5153.833333333333,157.71060563718086,158.4465811965812
Stage A (D+T),FH,29,0.27148348788239024,5161.75,164.99893348295663,164.82905982905982
Stage A (D+T),EH,0,0.3010089975134788,5165.5,166.87000120763753,166.758547008547
Stage A (D+T),EH,1,0.2538154296899508,5072.416666666667,163.1567980740403,163.37820512820514
Stage A (D+T),EH,2,0.32329962242691906,5069.666666666667,169.39134096473342,180.32264957264957
Stage A (D+T),EH,3,0.2513459797258761,5123.25,160.5111887663314,171.73076923076923
Stage A (D+T),EH,4,0.25725550418548077,5053.416666666667,165.2009141771974,162.8760683760684
Stage A (D+T),EH,5,0.24969130471742,5011.416666666667,162.9674093815651,154.42094017094018
Stage A (D+T),EH,6,0.2643995053308261,5062.416666666667,162.01615535943822,162.17094017094018
Stage A (D+T),EH,7,0.36154715022187306,5121.75,170.82898521659476,175.75
Stage A (D+T),EH,8,0.2702191470008579,5075.833333333333,163.72343393784135,156.10470085470087
Stage A (D+T),EH,10,0.240563036404353,5026.25,157.73534412968255,159.19230769230768
Stage A (D+T),EH,9,0.3022481491413646,5092.833333333333,156.37693275954163,157.27564102564102
Stage A (D+T),EH,11,0.33275113796805705,5083.75,171.48817804506191,177.92948717948718
Stage A (D+T),EH,12,0.21325225304733275,5045.75,158.5395035848928,156.16239316239316
Stage A (D+T),EH,14,0.21521682771672185,5043.166666666667,154.972628136877,156.27350427350427
Stage A (D+T),EH,13,0.2381824644078273,5106.833333333333,161.00083651627492,164.94871794871796
Stage A (D+T),EH,15,0.28997254384093,5139.583333333333,159.9711170804696,159.31410256410257
Stage A (D+T),EH,16,0.2589511055588654,5059.583333333333,165.13209065901796,159.53205128205127
Stage A (D+T),EH,17,0.24463164637501322,5168.583333333333,160.83548400052683,160.25641025641025
Stage A (D+T),EH,18,0.18009005743920867,5057.666666666667,149.4516802022156,151.48931623931625
Stage A (D+T),EH,19,0.25690927487021054,5097.166666666667,162.98854229869545,170.3482905982906
Stage A (D+T),EH,20,0.2783938802902336,5067.25,161.1685324354811,163.34615384615384
Stage A (D+T),EH,21,0.294657478792839,5149.083333333333,162.17930164020692,164.65811965811966
Stage A (D+T),EH,22,0.32876293995982253,5112.5,165.16558739330995,174.48076923076923
Stage A (D+T),EH,23,0.27389832357276456,5104.0,167.18090706271101,164.19871794871796
Stage A (D+T),EH,24,0.22025489263087095,5064.083333333333,159.08193374112176,154.81196581196582
Stage A (D+T),EH,25,0.29204014019135605,5033.75,158.5068131124049,160.2905982905983
Stage A (D+T),EH,26,0.28135711513867717,5105.416666666667,160.3824315301084,161.508547008547
Stage A (D+T),EH,27,0.2928513290495454,5104.666666666667,164.09961058105696,166.3034188034188
Stage A (D+T),EH,28,0.23803317226237022,5108.25,153.8296613271291,155.5982905982906
Stage A (D+T),EH,29,0.31250203702833473,5135.416666666667,169.48445795325583,167.89316239316238
Ablation S (D+T+S),NC,0,0.49301805411166527,5250.583333333333,179.56755652153964,325.20068027210885
Ablation S (D+T+S),NC,1,0.35040985195266877,5161.333333333333,168.11239635248242,237.48299319727892
Ablation S (D+T+S),NC,2,0.38098162073120617,5087.166666666667,168.8979607578641,322.3996598639456
Ablation S (D+T+S),NC,3,0.3213268624542946,5256.75,164.16603811146913,306.7857142857143
Ablation S (D+T+S),NC,5,0.34934866088992533,5086.416666666667,170.72002688192916,237.87925170068027
Ablation S (D+T+S),NC,4,0.3000874884633344,5128.833333333333,167.60063815436092,295.46938775510205
Ablation S (D+T+S),NC,6,0.37689595422201916,5154.583333333333,169.4861135234346,346.0595238095238
Ablation S (D+T+S),NC,8,0.3587803632493843,5095.333333333333,169.26598889899074,241.5408163265306
Ablation S (D+T+S),NC,7,0.41757970496946967,5257.833333333333,177.00429619109903,357.8299319727891
Ablation S (D+T+S),NC,9,0.2618091691673389,5116.333333333333,154.37742333453244,261.3537414965986
Ablation S (D+T+S),NC,10,0.32968632417941784,5168.166666666667,161.9385599075549,320.48979591836735
Ablation S (D+T+S),NC,11,0.39117414928757716,5122.5,171.1192683409839,299.73639455782313
Ablation S (D+T+S),NC,12,0.3704710325869664,5106.416666666667,172.17616288350033,283.81632653061223
Ablation S (D+T+S),NC,13,0.43204453704687007,5180.083333333333,179.81268134090158,293.63945578231295
Ablation S (D+T+S),NC,14,0.3171744820502756,5096.75,163.49754887537242,224.22278911564626
Ablation S (D+T+S),NC,15,0.4058147108125544,5202.666666666667,167.2009895811741,320.47278911564626
Ablation S (D+T+S),NC,16,0.336753565118389,5169.666666666667,165.08213296605342,275.8792517006803
Ablation S (D+T+S),NC,17,0.33717027985329084,5232.0,166.5058275477302,265.1649659863946
Ablation S (D+T+S),NC,18,0.2824132898930826,5154.5,156.7234849784705,241.69897959183675
Ablation S (D+T+S),NC,19,0.3367996630723337,5189.833333333333,172.4868810994466,283.9183673469388
Ablation S (D+T+S),NC,20,0.4789477983259502,5169.166666666667,180.7398175181432,302.1700680272109
Ablation S (D+T+S),NC,21,0.33556828601491134,5238.5,162.29024648448205,298.69727891156464
Ablation S (D+T+S),NC,22,0.4651119658713753,5135.0,173.36388202235446,237.64285714285714
Ablation S (D+T+S),NC,23,0.33253389961875357,5199.666666666667,171.92239948500574,287.78061224489795
Ablation S (D+T+S),NC,24,0.3257229968189378,5059.0,166.5285810548453,255.1547619047619
Ablation S (D+T+S),NC,25,0.39887397123966634,5079.75,164.25977428637495,268.4591836734694
Ablation S (D+T+S),NC,26,0.31511127235101916,5161.666666666667,160.32387708701097,268.7108843537415
Ablation S (D+T+S),NC,27,0.3811830704324325,5154.5,172.24129554871413,264.0051020408163
Ablation S (D+T+S),NC,28,0.34613790044427134,5145.916666666667,163.2598004035316,307.1207482993197
Ablation S (D+T+S),NC,29,0.39878206878790295,5230.583333333333,178.73350179734425,325.4557823129252
Ablation S (D+T+S),FH,0,0.27607350676267833,5288.0,163.45874246423938,290.01190476190476
Ablation S (D+T+S),FH,1,0.3315904275765834,5331.583333333333,165.103092381493,318.0
Ablation S (D+T+S),FH,2,0.29786071486125626,5205.583333333333,171.3955615306263,340.8962585034014
Ablation S (D+T+S),FH,3,0.2491005567812198,5294.083333333333,164.2806987346781,320.8061224489796
Ablation S (D+T+S),FH,4,0.3263376333428362,5271.0,171.99098867442183,342.2891156462585
Ablation S (D+T+S),FH,5,0.36960607437336385,5296.833333333333,172.56467172286986,281.0051020408163
Ablation S (D+T+S),FH,6,0.25190075214367824,5205.25,163.46331350055345,326.5748299319728
Ablation S (D+T+S),FH,8,0.24996135718910678,5152.583333333333,161.45652934906306,251.40816326530611
Ablation S (D+T+S),FH,7,0.35014287988583626,5371.333333333333,174.9753761025051,385.3061224489796
Ablation S (D+T+S),FH,9,0.28936941097568947,5253.25,158.4192472754796,280.32312925170066
Ablation S (D+T+S),FH,10,0.24999570623901346,5214.25,158.6263944307468,291.9982993197279
Ablation S (D+T+S),FH,11,0.3221720309408243,5270.666666666667,166.29066476058435,319.6666666666667
Ablation S (D+T+S),FH,12,0.2876847973290395,5206.75,163.67688476527536,280.93367346938777
Ablation S (D+T+S),FH,13,0.34530686154474227,5341.25,174.727711536366,342.06632653061223
Ablation S (D+T+S),FH,14,0.3023802894358192,5259.25,159.68050222816498,244.31632653061226
Ablation S (D+T+S),FH,16,0.2839476641464878,5245.75,162.3346663512352,301.56802721088434
Ablation S (D+T+S),FH,15,0.3678389329493259,5367.166666666667,169.3083416948642,357.26190476190476
Ablation S (D+T+S),FH,17,0.2872678030293461,5386.75,163.38808828146702,301.9948979591837
Ablation S (D+T+S),FH,18,0.29098150286054514,5267.416666666667,162.86941629643775,290.86054421768705
Ablation S (D+T+S),FH,19,0.3589489762381873,5353.416666666667,175.33680990118248,327.6547619047619
Ablation S (D+T+S),FH,20,0.34263829430779214,5310.833333333333,159.56451630305685,326.5051020408163
Ablation S (D+T+S),FH,21,0.31868790693521465,5371.75,165.95188696858844,340.56972789115645
Ablation S (D+T+S),FH,22,0.3824681158159604,5335.25,171.65853846704604,299.5238095238095
Ablation S (D+T+S),FH,23,0.24258745520343722,5276.75,164.7708965174843,305.69557823129253
Ablation S (D+T+S),FH,24,0.25162857095571434,5200.833333333333,163.4944844952764,280.6003401360544
Ablation S (D+T+S),FH,25,0.28357211402372207,5211.25,159.42871285620015,282.38605442176873
Ablation S (D+T+S),FH,26,0.3159811814247388,5324.333333333333,165.72192728050376,299.8333333333333
Ablation S (D+T+S),FH,27,0.2847642038281706,5292.166666666667,166.07179491438885,303.17687074829934
Ablation S (D+T+S),FH,28,0.22444431631955455,5272.25,155.175361909067,254.72448979591837
Ablation S (D+T+S),FH,29,0.37595780390618494,5446.5,171.49677070070717,397.57142857142856
Ablation S (D+T+S),EH,0,0.4033477718162224,5319.25,173.54223813502657,337.32142857142856
Ablation S (D+T+S),EH,1,0.34959054489375935,5189.416666666667,169.27080953765193,262.1190476190476
Ablation S (D+T+S),EH,2,0.32484325280599075,5174.916666666667,169.04041995191065,343.25
Ablation S (D+T+S),EH,4,0.2275338688305284,5183.583333333333,166.29482566764585,295.5238095238095
Ablation S (D+T+S),EH,3,0.3257133060212957,5262.583333333333,170.09222608331018,296.0255102040816
Ablation S (D+T+S),EH,5,0.38540278508645265,5161.916666666667,174.88055222479264,267.0850340136054
Ablation S (D+T+S),EH,6,0.2902221397339662,5184.833333333333,165.06420378416112,332.76360544217687
Ablation S (D+T+S),EH,8,0.3046616823953151,5168.0,162.86923389716137,243.69387755102042
Ablation S (D+T+S),EH,7,0.33554639229012634,5308.0,174.51351091276803,337.1683673469388
Ablation S (D+T+S),EH,10,0.22261998284852877,5198.166666666667,156.82280101393965,294.1037414965986
Ablation S (D+T+S),EH,9,0.2819021005844119,5212.75,157.4491187582284,267.1853741496599
Ablation S (D+T+S),EH,11,0.35706734317158456,5194.166666666667,172.53530355146907,327.6479591836735
Ablation S (D+T+S),EH,12,0.21773831239177102,5137.916666666667,156.85266966609106,239.37244897959184
Ablation S (D+T+S),EH,14,0.23743185365220318,5129.5,157.2546554382175,252.18537414965985
Ablation S (D+T+S),EH,13,0.3839108068074875,5226.0,173.86792002980422,307.8758503401361
Ablation S (D+T+S),EH,15,0.3509921705567489,5253.916666666667,165.38764336022507,333.66156462585036
Ablation S (D+T+S),EH,16,0.3407494178417525,5201.833333333333,168.6687991216313,334.3486394557823
Ablation S (D+T+S),EH,17,0.23055455149378937,5280.5,161.2774437159535,277.5816326530612
Ablation S (D+T+S),EH,18,0.22816704044294436,5202.5,155.87962921776543,248.19727891156464
Ablation S (D+T+S),EH,20,0.35886488454166715,5215.416666666667,162.01988584776234,293.1479591836735
Ablation S (D+T+S),EH,19,0.30768270637933953,5272.25,165.805808691032,317.52721088435374
Ablation S (D+T+S),EH,22,0.4219135400679535,5239.5,175.34510201471946,259.3452380952381
Ablation S (D+T+S),EH,21,0.32650071064890696,5272.916666666667,164.47370495136303,317.7278911564626
Ablation S (D+T+S),EH,23,0.33442024479571514,5237.583333333333,172.68667233830726,290.84013605442175
Ablation S (D+T+S),EH,24,0.32242791711926716,5179.666666666667,168.8759942459008,268.1734693877551
Ablation S (D+T+S),EH,25,0.36093710791863587,5156.416666666667,162.80046197661545,264.88945578231295
Ablation S (D+T+S),EH,26,0.2847168602931577,5207.916666666667,156.83023150717176,271.32142857142856
Ablation S (D+T+S),EH,27,0.2851749761755722,5165.666666666667,164.27281265675649,279.1326530612245
Ablation S (D+T+S),EH,28,0.29012862040596055,5213.083333333333,156.69693537662604,310.9149659863946
Ablation S (D+T+S),EH,29,0.38067977373032286,5315.75,171.76960926343952,347.484693877551
Ablation W (D+T+W),NC,3,0.7282927207862957,5981.75,239.5483487789199,267.1880341880342
Ablation W (D+T+W),NC,1,1.0310074826677624,6154.25,372.137504668817,519.3461538461538
Ablation W (D+T+W),NC,4,1.0274353896820143,6113.666666666667,313.07595789474396,415.85042735042737
Ablation W (D+T+W),NC,2,1.0113996341803777,6413.583333333333,300.6374670182652,413.1474358974359
Ablation W (D+T+W),NC,0,1.103931653716505,6835.166666666667,327.75549198206096,762.758547008547
Ablation W (D+T+W),NC,5,0.7276131968791719,6318.666666666667,263.43277501576404,354.28632478632477
Ablation W (D+T+W),NC,7,1.425882077969967,6313.25,365.61831544403015,535.25
Ablation W (D+T+W),NC,8,0.9584269548165669,6382.583333333333,267.4388670416424,461.8568376068376
Ablation W (D+T+W),NC,9,0.7034529578614372,5970.083333333333,260.21548331928847,248.08333333333334
Ablation W (D+T+W),NC,6,1.0880738296957835,6613.916666666667,389.31997139494877,498.78418803418805
Ablation W (D+T+W),NC,10,1.0651271525835602,6362.666666666667,353.7120645433119,443.5
Ablation W (D+T+W),NC,11,1.0805930988873917,6660.75,317.7403965049085,512.9679487179487
Ablation W (D+T+W),NC,14,0.7939051429086791,5754.75,248.94808335292848,282.4123931623932
Ablation W (D+T+W),NC,12,0.7979693561156096,5797.333333333333,258.9224819535991,306.9337606837607
Ablation W (D+T+W),NC,13,0.773443125045278,6014.833333333333,283.09853377480005,241.20299145299145
Ablation W (D+T+W),NC,16,0.9504159793751082,6139.833333333333,295.695026409452,376.39957264957263
Ablation W (D+T+W),NC,15,1.095369494820309,6617.416666666667,300.07256946252926,459.64957264957263
Ablation W (D+T+W),NC,17,0.7657532708174988,6460.333333333333,240.72183848547672,418.9957264957265
Ablation W (D+T+W),NC,19,0.7962428616241904,5922.166666666667,326.9071876509039,342.3076923076923
Ablation W (D+T+W),NC,18,1.0402081735987114,6745.333333333333,272.6090104639489,745.525641025641
Ablation W (D+T+W),NC,20,0.9282519122045104,6625.833333333333,303.93385315963695,485.7393162393162
Ablation W (D+T+W),NC,22,0.864994102113919,6587.916666666667,220.92847801931157,470.7692307692308
Ablation W (D+T+W),NC,21,1.05620894125844,7447.333333333333,268.702549842365,844.7457264957264
Ablation W (D+T+W),NC,23,0.8153864135056657,6569.25,237.5665724882983,438.70299145299145
Ablation W (D+T+W),NC,25,1.0540216787766181,6726.583333333333,287.13108093184474,609.75
Ablation W (D+T+W),NC,26,1.2158747239031356,6466.416666666667,367.1300406813443,450.6623931623932
Ablation W (D+T+W),NC,24,1.3050242184922747,7812.833333333333,280.0697800066221,870.9807692307693
Ablation W (D+T+W),NC,27,1.112690104902665,6590.416666666667,330.64935346920424,552.8055555555555
Ablation W (D+T+W),NC,28,1.0292491770091114,6548.583333333333,306.9852278623989,481.88247863247864
Ablation W (D+T+W),NC,29,0.9759895523698984,6685.916666666667,281.3662473414421,428.6474358974359
Ablation W (D+T+W),FH,3,0.7414957396732187,6091.833333333333,246.3460615892885,278.97435897435895
Ablation W (D+T+W),FH,1,0.8822526810544059,6611.833333333333,362.0229518371005,595.0726495726495
Ablation W (D+T+W),FH,0,1.1908998832529052,7416.75,311.47293327522385,974.5769230769231
Ablation W (D+T+W),FH,2,1.248824664939222,6815.916666666667,462.25463945347775,518.7179487179487
Ablation W (D+T+W),FH,4,0.8106756969272564,6388.666666666667,259.9178369298221,405.3226495726496
Ablation W (D+T+W),FH,5,0.8175257842545024,6396.25,292.9279464874702,348.4166666666667
Ablation W (D+T+W),FH,7,0.8700434830126462,6437.5,244.90683882124696,485.4252136752137
Ablation W (D+T+W),FH,6,0.800330934694794,6744.333333333333,299.1650408178592,409.96367521367523
Ablation W (D+T+W),FH,9,0.792535357927778,6244.166666666667,280.1147534087048,290.0854700854701
Ablation W (D+T+W),FH,8,1.0033552821132785,6737.25,297.8875357052261,549.6901709401709
Ablation W (D+T+W),FH,10,0.7681859179317502,6401.666666666667,240.01518997934025,381.38675213675214
Ablation W (D+T+W),FH,11,0.9617207904871812,6519.75,313.665366371186,447.2435897435897
Ablation W (D+T+W),FH,12,0.729512112797208,5929.666666666667,241.39474499149011,261.4786324786325
Ablation W (D+T+W),FH,14,0.9271056662411774,6222.083333333333,297.6598659621211,420.3482905982906
Ablation W (D+T+W),FH,13,1.0006291971371062,6646.583333333333,304.88070036108655,365.39102564102564
Ablation W (D+T+W),FH,16,0.7661144479363244,6031.666666666667,257.9809891975489,323.4123931623932
Ablation W (D+T+W),FH,15,0.6864681472414097,6110.416666666667,246.7471150559033,306.9059829059829
Ablation W (D+T+W),FH,17,0.7907472867207217,6510.0,286.2681868465998,409.36324786324786
Ablation W (D+T+W),FH,19,0.7085482699743862,5936.166666666667,307.13053012283774,296.3888888888889
Ablation W (D+T+W),FH,18,0.9624634246976904,7181.583333333333,226.39174814763334,799.9636752136752
Ablation W (D+T+W),FH,20,0.8424985389476446,6730.5,285.5069690114687,351.11752136752136
Ablation W (D+T+W),FH,22,0.9494257574344975,7182.833333333333,249.45545731329946,585.4871794871794
Ablation W (D+T+W),FH,21,1.0040202488325427,8112.416666666667,215.86034925888254,1068.6923076923076
Ablation W (D+T+W),FH,23,0.9536523774696352,6586.5,252.5186258232973,486.1709401709402
Ablation W (D+T+W),FH,25,1.2225857333177879,6928.166666666667,352.95967679557305,677.3675213675214
Ablation W (D+T+W),FH,24,1.0056628645973844,6912.416666666667,263.08003654370424,688.2735042735043
Ablation W (D+T+W),FH,26,0.9880796637914994,6382.833333333333,330.17778596566933,502.03418803418805
Ablation W (D+T+W),FH,27,1.1926388874117821,7086.083333333333,421.00675247941484,721.4401709401709
Ablation W (D+T+W),FH,28,1.1417359075625682,6774.833333333333,356.4577435232208,509.8034188034188
Ablation W (D+T+W),FH,29,0.7824229886932246,6719.166666666667,206.96720046963205,522.474358974359
Ablation W (D+T+W),EH,1,0.9136366582294378,6277.666666666667,390.27234665765957,472.11965811965814
Ablation W (D+T+W),EH,2,0.9460996557645646,6527.166666666667,296.8211345987158,396.1688034188034
Ablation W (D+T+W),EH,0,1.1387739332088704,7147.666666666667,325.1207336679186,823.8012820512821
Ablation W (D+T+W),EH,3,0.7454231993680106,6074.166666666667,235.00560898164483,287.71367521367523
Ablation W (D+T+W),EH,4,0.8148277721004804,6050.333333333333,217.37241664957702,328.0811965811966
Ablation W (D+T+W),EH,5,0.7698220113752727,6188.833333333333,302.7337512881906,295.5042735042735
Ablation W (D+T+W),EH,6,0.8620165606653333,6577.416666666667,299.8170058608809,333.60470085470087
Ablation W (D+T+W),EH,8,0.7129051956562928,6251.5,233.4252954819447,418.02777777777777
Ablation W (D+T+W),EH,7,0.9839652280805278,6424.083333333333,274.1629190502058,488.04273504273505
Ablation W (D+T+W),EH,9,0.6270871265863998,5893.166666666667,237.4269531035889,225.05769230769232
Ablation W (D+T+W),EH,10,1.108110256072814,6483.916666666667,339.6765997920399,439.6880341880342
Ablation W (D+T+W),EH,11,1.0935423781537066,6698.0,337.94041859541636,447.8247863247863
Ablation W (D+T+W),EH,14,0.5622386213355351,5522.833333333333,208.9245341279777,209.72008547008548
Ablation W (D+T+W),EH,13,0.5975810146290509,6058.083333333333,218.07004662272092,225.88247863247864
Ablation W (D+T+W),EH,12,0.7180332098421427,5988.083333333333,234.20486929622322,283.5897435897436
Ablation W (D+T+W),EH,15,0.8175358128609966,6471.75,253.64481787518477,344.89529914529913
Ablation W (D+T+W),EH,16,0.8323375665279046,6091.083333333333,266.77945630077534,371.65811965811963
Ablation W (D+T+W),EH,17,0.8318823412874113,6514.833333333333,288.6895249568358,387.9380341880342
Ablation W (D+T+W),EH,18,0.8454469577673107,6457.166666666667,198.08693433037703,602.1880341880342
Ablation W (D+T+W),EH,19,0.6837707110311995,5751.083333333333,297.2438743384196,241.60470085470087
Ablation W (D+T+W),EH,20,0.8685631456476013,6457.833333333333,326.23966208800795,439.6816239316239
Ablation W (D+T+W),EH,22,0.9279120247476358,7081.333333333333,233.12134430705117,647.8226495726495
Ablation W (D+T+W),EH,21,0.8802331710271142,7186.166666666667,254.13188472219232,740.775641025641
Ablation W (D+T+W),EH,23,0.803615251645418,6302.0,213.98235656273692,366.4017094017094
Ablation W (D+T+W),EH,25,0.9533521480597973,6524.916666666667,262.2770233574151,583.1217948717949
Ablation W (D+T+W),EH,26,0.7479504976596726,6008.833333333333,241.70278423256374,223.06410256410257
Ablation W (D+T+W),EH,24,1.108423762989058,7698.666666666667,185.10913612862345,1028.3226495726497
Ablation W (D+T+W),EH,28,1.3140351338740626,6887.666666666667,416.20104443595295,521.4444444444445
Ablation W (D+T+W),EH,27,1.8454281605191307,7195.333333333333,611.6309651888664,795.6602564102565
Ablation W (D+T+W),EH,29,0.7222872037609688,6306.416666666667,206.2593128349943,423.9893162393162
Ablation B (D+T+B),NC,0,0.5563643907825707,5172.166666666667,190.2128731820328,188.82264957264957
Ablation B (D+T+B),NC,1,0.5954637512802187,5102.5,196.026313594159,205.9594017094017
Ablation B (D+T+B),NC,2,0.5789746723155309,5025.75,198.75357383362027,196.77136752136752
Ablation B (D+T+B),NC,3,0.36514040998954456,5161.818181818182,174.39395356362016,172.41239316239316
Ablation B (D+T+B),NC,4,0.37419139604136986,5099.0,178.46977666017932,186.5363247863248
Ablation B (D+T+B),NC,5,0.5718042489929759,5069.25,196.77761867447927,203.89102564102564
Ablation B (D+T+B),NC,6,0.2598453719606834,5052.545454545455,161.33910493495515,155.17521367521368
Ablation B (D+T+B),NC,7,0.3288888611646294,5116.5,174.98617328288964,183.31837606837607
Ablation B (D+T+B),NC,8,0.470826185806517,5108.583333333333,185.3912038391137,189.4059829059829
Ablation B (D+T+B),NC,10,0.5892365266924394,5087.25,195.51789727900524,214.6688034188034
Ablation B (D+T+B),NC,9,0.517341328614282,5080.833333333333,184.9655223857331,191.14743589743588
Ablation B (D+T+B),NC,11,0.42399369900682815,5063.666666666667,181.46738664934574,189.6602564102564
Ablation B (D+T+B),NC,12,0.4203923039154896,5049.916666666667,170.77410866022177,166.82051282051282
Ablation B (D+T+B),NC,13,0.3701973114980121,5115.166666666667,169.2249990157186,175.58760683760684
Ablation B (D+T+B),NC,14,0.5629450324441058,5084.833333333333,201.41313387533225,207.96581196581195
Ablation B (D+T+B),NC,15,0.33739563305050113,5145.833333333333,160.42763388164798,158.98931623931625
Ablation B (D+T+B),NC,16,0.4363637414922729,5086.333333333333,180.50945549572944,171.4551282051282
Ablation B (D+T+B),NC,17,0.3088636432382784,5176.416666666667,160.9345417116658,174.0534188034188
Ablation B (D+T+B),NC,18,0.5067015647620375,5111.666666666667,178.58408139969424,198.4188034188034
Ablation B (D+T+B),NC,19,0.3276757438189341,5116.916666666667,170.12473699135433,171.92307692307693
Ablation B (D+T+B),NC,20,0.5031882794090721,5075.75,178.9528311510907,187.02564102564102
Ablation B (D+T+B),NC,21,0.30730383071888434,5068.333333333333,163.0311983861619,163.17521367521368
Ablation B (D+T+B),NC,22,0.6406953984570396,5148.583333333333,205.76248615544668,216.89102564102564
Ablation B (D+T+B),NC,23,0.3716369753616911,5154.75,170.45018374565882,171.39957264957266
Ablation B (D+T+B),NC,24,0.379324839431203,5044.916666666667,175.42303931624582,170.241452991453
Ablation B (D+T+B),NC,25,0.38999665629183694,5018.166666666667,164.0907230527091,162.68589743589743
Ablation B (D+T+B),NC,26,0.44365549081665706,5116.5,173.23708655943946,178.43803418803418
Ablation B (D+T+B),NC,27,0.4387563398195453,5085.5,176.8017588333171,175.95299145299145
Ablation B (D+T+B),NC,28,0.4345934247632233,5113.666666666667,179.46214317916628,176.5363247863248
Ablation B (D+T+B),NC,29,0.4348208582423652,5121.25,178.01379986132667,179.2136752136752
Ablation B (D+T+B),FH,0,0.3909598819351165,5240.583333333333,176.09049495103864,175.63888888888889
Ablation B (D+T+B),FH,1,0.5840178376396227,5317.25,200.93238689324818,224.17521367521368
Ablation B (D+T+B),FH,2,0.3803592641215331,5144.25,180.56677994217338,178.69871794871796
Ablation B (D+T+B),FH,3,0.3131627240284486,5216.166666666667,169.5400995759439,175.51495726495727
Ablation B (D+T+B),FH,4,0.26914500463250657,5163.666666666667,169.07976554196918,170.8846153846154
Ablation B (D+T+B),FH,5,0.592324914386656,5222.916666666667,203.31067592082604,216.97863247863248
Ablation B (D+T+B),FH,6,0.21212165049893664,5139.583333333333,161.0772110849711,162.1260683760684
Ablation B (D+T+B),FH,8,0.37915427802655777,5149.833333333333,171.22483770680503,181.46794871794873
Ablation B (D+T+B),FH,7,0.24349523657583116,5165.833333333333,166.25117405995064,171.48290598290598
Ablation B (D+T+B),FH,9,0.37763107849139105,5196.333333333333,170.49943900308014,189.64102564102564
Ablation B (D+T+B),FH,10,0.5719202069076585,5230.333333333333,201.62425683610581,226.65811965811966
Ablation B (D+T+B),FH,11,0.304902988635005,5177.833333333333,167.9935050917827,167.6153846153846
Ablation B (D+T+B),FH,12,0.3961825629750367,5178.833333333333,171.89434420249873,183.38888888888889
Ablation B (D+T+B),FH,13,0.27235714728854493,5171.75,163.96892461806004,170.94444444444446
Ablation B (D+T+B),FH,14,0.38203057481105146,5156.416666666667,180.20373640313682,187.78205128205127
Ablation B (D+T+B),FH,15,0.258466595369569,5196.416666666667,157.8743881076338,160.71153846153845
Ablation B (D+T+B),FH,16,0.38989070916217244,5234.083333333333,173.13624162799542,172.20299145299145
Ablation B (D+T+B),FH,17,0.33745025942930107,5297.272727272727,168.25196515064954,172.61324786324786
Ablation B (D+T+B),FH,18,0.37326684472057137,5221.666666666667,169.61600409627658,178.32478632478632
Ablation B (D+T+B),FH,19,0.3043228201986156,5240.916666666667,165.57794446793162,170.4957264957265
Ablation B (D+T+B),FH,20,0.3704029279268907,5204.0,171.9716795078869,183.31196581196582
Ablation B (D+T+B),FH,21,0.24755657525580663,5212.416666666667,159.99467423048878,162.60256410256412
Ablation B (D+T+B),FH,22,0.5265414440711021,5278.25,194.60414833355816,221.80555555555554
Ablation B (D+T+B),FH,23,0.33983540230142084,5223.583333333333,170.01726614701104,168.9636752136752
Ablation B (D+T+B),FH,24,0.36458851132104414,5141.25,174.8405964877524,171.26923076923077
Ablation B (D+T+B),FH,25,0.2665491921200936,5138.5,157.9500098515539,161.89743589743588
Ablation B (D+T+B),FH,26,0.3835571906091743,5218.25,168.84564941088053,175.76068376068375
Ablation B (D+T+B),FH,27,0.4567042264090377,5284.25,182.2736464403546,195.48076923076923
Ablation B (D+T+B),FH,28,0.3342912432188215,5193.5,169.9124261398866,163.6153846153846
Ablation B (D+T+B),FH,29,0.3203412466245182,5238.583333333333,170.0204916570582,169.42094017094018
Ablation B (D+T+B),EH,0,0.4170494715930033,5203.333333333333,177.07670999475465,179.84615384615384
Ablation B (D+T+B),EH,1,0.555651431481981,5180.0,197.47176238477846,207.37820512820514
Ablation B (D+T+B),EH,2,0.427468798063687,5124.166666666667,182.6022377739686,186.87820512820514
Ablation B (D+T+B),EH,3,0.3023481898668328,5165.166666666667,166.2149097946994,174.11324786324786
Ablation B (D+T+B),EH,4,0.3162642365097089,5095.333333333333,172.45339239747625,177.58760683760684
Ablation B (D+T+B),EH,5,0.41224948458107036,5080.583333333333,177.1584105495221,180.71581196581195
Ablation B (D+T+B),EH,6,0.21992519777312425,5075.0,160.02458808658025,150.00641025641025
Ablation B (D+T+B),EH,7,0.30499163185148176,5140.5,169.05281604391172,173.2136752136752
Ablation B (D+T+B),EH,8,0.556747238123556,5160.75,193.28955887468734,190.8696581196581
Ablation B (D+T+B),EH,9,0.4244832186312662,5153.166666666667,169.89538960606777,181.11324786324786
Ablation B (D+T+B),EH,10,0.5408712814276675,5142.833333333333,190.36789576580674,204.86752136752136
Ablation B (D+T+B),EH,11,0.3161003134858472,5108.166666666667,173.32146687368507,179.75
Ablation B (D+T+B),EH,12,0.3849878552080261,5092.5,171.03530171164266,168.21794871794873
Ablation B (D+T+B),EH,13,0.30680978783176277,5141.166666666667,162.4713012364834,173.25
Ablation B (D+T+B),EH,14,0.34784321495009446,5138.416666666667,177.81548279160447,178.61752136752136
Ablation B (D+T+B),EH,15,0.2660063725259926,5134.75,158.62560226232225,157.6153846153846
Ablation B (D+T+B),EH,16,0.3600955232816021,5082.166666666667,168.39837389929932,165.02350427350427
Ablation B (D+T+B),EH,17,0.30714496958389753,5244.0,167.077405421174,172.7008547008547
Ablation B (D+T+B),EH,18,0.4619551384342406,5165.166666666667,175.82968952298282,193.40384615384616
Ablation B (D+T+B),EH,19,0.3793970643372067,5147.833333333333,179.18699003208468,177.5982905982906
Ablation B (D+T+B),EH,20,0.3978241131689896,5108.166666666667,171.04779157306572,173.52350427350427
Ablation B (D+T+B),EH,21,0.20605848633688517,5151.416666666667,158.21060294598342,159.57051282051282
Ablation B (D+T+B),EH,22,0.4991967077036006,5166.166666666667,189.44362400690386,209.24358974358975
Ablation B (D+T+B),EH,23,0.3299567199708211,5172.333333333333,168.40882993617154,165.88888888888889
Ablation B (D+T+B),EH,24,0.3119135019279369,5074.916666666667,169.33287914483688,166.9594017094017
Ablation B (D+T+B),EH,25,0.3352559211661587,5093.583333333333,161.13034205176248,163.60897435897436
Ablation B (D+T+B),EH,26,0.38397731655224754,5138.25,168.33396120916498,173.48931623931625
Ablation B (D+T+B),EH,27,0.4590047910631032,5172.083333333333,181.5131103605629,184.38888888888889
Ablation B (D+T+B),EH,28,0.36713440514113643,5130.416666666667,169.55206501336568,164.78846153846155
Ablation B (D+T+B),EH,29,0.37632964003212427,5180.083333333333,169.45284645388,170.6688034188034
Stage B (D+T+S+W+B),NC,0,1.14395785346873,7099.916666666667,329.09506218604986,1177.0833333333333
Stage B (D+T+S+W+B),NC,1,1.0414514463183804,6784.25,357.10235485512356,809.5918367346939
Stage B (D+T+S+W+B),NC,2,1.0018273972909102,6512.363636363636,286.7848754740197,636.2789115646259
Stage B (D+T+S+W+B),NC,3,0.7940229760868027,6393.454545454545,251.05547145569008,505.5952380952381
Stage B (D+T+S+W+B),NC,4,0.6686724575170122,6147.666666666667,204.91103880972673,466.2057823129252
Stage B (D+T+S+W+B),NC,5,0.8910839796534735,6635.090909090909,294.79664668550197,638.7482993197278
Stage B (D+T+S+W+B),NC,6,1.0498793075901776,6987.0,372.56601765970413,744.0102040816327
Stage B (D+T+S+W+B),NC,7,0.9425305537308978,6948.090909090909,247.65824961764508,768.2687074829932
Stage B (D+T+S+W+B),NC,8,0.8340928545697684,6939.181818181818,271.0454528746401,682.5017006802722
Stage B (D+T+S+W+B),NC,9,0.7471446691906035,6346.166666666667,270.55474124318835,626.593537414966
Stage B (D+T+S+W+B),NC,10,1.004544049119064,6656.333333333333,317.8263345488678,646.8860544217687
Stage B (D+T+S+W+B),NC,11,1.2881844057217342,7564.818181818182,359.86269917012714,869.2568027210884
Stage B (D+T+S+W+B),NC,12,0.8855804119252221,5947.636363636364,265.6558850346807,365.86394557823127
Stage B (D+T+S+W+B),NC,14,0.8285643088893392,5892.5,263.5875348684339,536.2465986394558
Stage B (D+T+S+W+B),NC,13,0.8868639827770738,6418.090909090909,307.46878750461394,476.3503401360544
Stage B (D+T+S+W+B),NC,16,0.9808386411324167,6388.25,312.43657685604325,717.2534013605442
Stage B (D+T+S+W+B),NC,15,0.9065209508065495,6957.416666666667,285.2075629669683,790.828231292517
Stage B (D+T+S+W+B),NC,17,0.8772991077645176,6993.333333333333,250.3504260196265,778.3112244897959
Stage B (D+T+S+W+B),NC,19,0.7132110486961296,5783.916666666667,247.67015083930008,420.0561224489796
Stage B (D+T+S+W+B),NC,18,1.0576270341531269,7568.181818181818,214.5801626425282,1124.858843537415
Stage B (D+T+S+W+B),NC,20,1.078738484560293,7470.090909090909,350.6880434520767,1031.4676870748299
Stage B (D+T+S+W+B),NC,22,0.7445032139740946,6846.416666666667,217.16902394142477,724.9353741496599
Stage B (D+T+S+W+B),NC,21,0.953792151202448,7557.181818181818,235.22315745595654,1133.8826530612246
Stage B (D+T+S+W+B),NC,23,0.7792745411630593,6431.583333333333,216.2883842034856,657.8333333333334
Stage B (D+T+S+W+B),NC,24,0.9551034540150795,7338.818181818182,176.51084921266877,1003.625850340136
Stage B (D+T+S+W+B),NC,26,0.9577224585533037,6212.636363636364,301.4156397000927,505.6938775510204
Stage B (D+T+S+W+B),NC,25,1.1423676679489967,7348.583333333333,327.13027310499217,962.1887755102041
Stage B (D+T+S+W+B),NC,27,1.1506459566279812,7092.833333333333,298.2912509251492,949.8350340136054
Stage B (D+T+S+W+B),NC,28,1.0102799186143434,7364.090909090909,320.1737635096997,770.5425170068028
Stage B (D+T+S+W+B),NC,29,0.90990909650012,6680.416666666667,236.7605170771058,745.6343537414966
Stage B (D+T+S+W+B),FH,0,1.3090783330595641,7416.666666666667,359.89179428983715,1275.248299319728
Stage B (D+T+S+W+B),FH,2,0.7730635804615049,6557.583333333333,247.0419341541087,696.8945578231293
Stage B (D+T+S+W+B),FH,1,0.8802259090864201,6785.166666666667,342.88357595878017,882.7397959183673
Stage B (D+T+S+W+B),FH,3,0.9014978793508942,6452.416666666667,285.94092885150485,475.63775510204084
Stage B (D+T+S+W+B),FH,4,0.8490840755895082,6671.833333333333,295.09283968629063,686.5493197278912
Stage B (D+T+S+W+B),FH,5,0.791671224666007,6412.083333333333,282.9944638627301,700.921768707483
Stage B (D+T+S+W+B),FH,6,0.8150548714260794,6885.454545454545,312.13488561559893,798.1955782312925
Stage B (D+T+S+W+B),FH,8,0.9199386267339804,6733.545454545455,252.47741811683625,785.2568027210884
Stage B (D+T+S+W+B),FH,7,0.8478862814400414,7148.727272727273,239.57644589611394,885.1870748299319
Stage B (D+T+S+W+B),FH,9,0.7426012709388499,6326.083333333333,256.2127361278372,503.6258503401361
Stage B (D+T+S+W+B),FH,10,1.0722889111768066,6930.25,321.1101978695325,849.4948979591836
Stage B (D+T+S+W+B),FH,11,1.0634404693316788,7084.25,383.02732617745914,840.4608843537414
Stage B (D+T+S+W+B),FH,12,0.8506677880707981,6236.166666666667,273.5303471249391,458.6700680272109
Stage B (D+T+S+W+B),FH,13,0.7761178809704945,6730.0,253.57644437980537,577.0561224489796
Stage B (D+T+S+W+B),FH,14,1.0101973735672218,6645.916666666667,326.7372740530503,732.1462585034013
Stage B (D+T+S+W+B),FH,15,0.8370074860597301,7179.916666666667,289.2260546118916,829.780612244898
Stage B (D+T+S+W+B),FH,16,1.007780778083179,6714.272727272727,340.35451986848835,853.8792517006802
Stage B (D+T+S+W+B),FH,17,0.9332774696032707,7512.333333333333,297.91839447291227,1032.0714285714287
Stage B (D+T+S+W+B),FH,19,0.5715585038022565,6011.583333333333,227.1686900030858,460.67687074829934
Stage B (D+T+S+W+B),FH,18,0.9370120916376993,7714.909090909091,265.2483271054953,1143.1666666666667
Stage B (D+T+S+W+B),FH,20,0.9485752753114821,7261.083333333333,307.1732557516359,871.2551020408164
Stage B (D+T+S+W+B),FH,22,0.8513278020809056,7043.166666666667,256.49103865104183,751.8979591836735
Stage B (D+T+S+W+B),FH,21,0.840536419749927,8149.416666666667,189.48594441360575,1219.2380952380952
Stage B (D+T+S+W+B),FH,23,0.7937331541773347,6920.166666666667,220.7186499458676,866.6700680272108
Stage B (D+T+S+W+B),FH,24,1.0197340710378515,7428.363636363636,316.2374706662373,1136.0765306122448
Stage B (D+T+S+W+B),FH,25,1.0601339332125812,7313.166666666667,318.1652105000653,965.0425170068028
Stage B (D+T+S+W+B),FH,26,1.28727552201802,6668.916666666667,436.2580630605962,748.5051020408164
Stage B (D+T+S+W+B),FH,28,1.1615129134291113,7491.833333333333,368.52699736160235,898.219387755102
Stage B (D+T+S+W+B),FH,27,1.1735479371586526,7537.545454545455,334.9103237966521,1111.2125850340135
Stage B (D+T+S+W+B),FH,29,0.8440115071687747,6996.25,221.56004536007148,801.7278911564625
Stage B (D+T+S+W+B),EH,0,1.2145201845609253,7541.363636363636,352.1854958993622,1174.9013605442176
Stage B (D+T+S+W+B),EH,2,0.9285900278713057,6724.75,280.5776082019277,733.3877551020408
Stage B (D+T+S+W+B),EH,1,1.1277383527091343,6753.5,450.75979804867023,962.7210884353741
Stage B (D+T+S+W+B),EH,3,0.7953852486953007,6222.5,252.21214469174583,433.84353741496597
Stage B (D+T+S+W+B),EH,4,0.8838011291317016,6623.25,233.14551528931716,636.4472789115646
Stage B (D+T+S+W+B),EH,5,0.8662094762795048,6865.583333333333,318.5272652848976,677.7142857142857
Stage B (D+T+S+W+B),EH,6,0.9303130486665789,7017.583333333333,323.0881163888827,757.3333333333334
Stage B (D+T+S+W+B),EH,7,0.974739762975775,7029.583333333333,275.27326057444816,885.1445578231293
Stage B (D+T+S+W+B),EH,8,1.0930960563191492,6989.090909090909,313.0847352253419,806.1530612244898
Stage B (D+T+S+W+B),EH,9,0.83720955583787,6438.833333333333,304.35275841502437,591.452380952381
Stage B (D+T+S+W+B),EH,10,0.9588212248754852,6346.166666666667,313.46669691375826,629.9132653061224
Stage B (D+T+S+W+B),EH,11,1.1482782393887436,7345.333333333333,385.7894081982708,989.7670068027211
Stage B (D+T+S+W+B),EH,14,0.6218316356894121,5883.333333333333,222.73938099100238,479.8452380952381
Stage B (D+T+S+W+B),EH,12,0.7317323293563224,6016.083333333333,233.0472657171636,380.0459183673469
Stage B (D+T+S+W+B),EH,13,0.5973784494543404,6231.545454545455,232.24755602761823,433.01360544217687
Stage B (D+T+S+W+B),EH,16,0.9668977292219931,6688.0,303.4579233222283,707.1989795918367
Stage B (D+T+S+W+B),EH,15,0.9425044778889807,6934.25,292.7352539056096,820.3639455782313
Stage B (D+T+S+W+B),EH,17,0.8446056910787858,6999.25,286.2797341852162,883.0255102040817
Stage B (D+T+S+W+B),EH,19,0.7409944822999196,5839.583333333333,310.5439344372422,464.80272108843536
Stage B (D+T+S+W+B),EH,18,0.9267879121611489,7521.090909090909,217.74940482926803,1090.2738095238096
Stage B (D+T+S+W+B),EH,20,0.9614033204721402,7439.0,337.1816527355595,1053.656462585034
Stage B (D+T+S+W+B),EH,22,0.7705067044864988,6913.333333333333,220.36980726287467,777.1921768707483
Stage B (D+T+S+W+B),EH,21,1.3132311356571509,7879.5,383.0260772069828,1114.8027210884354
Stage B (D+T+S+W+B),EH,23,0.9041030712065192,7387.272727272727,240.72324702887286,709.5374149659864
Stage B (D+T+S+W+B),EH,24,1.0323442822219142,7692.545454545455,202.7593027732067,1164.8843537414966
Stage B (D+T+S+W+B),EH,26,0.691045293753533,5949.666666666667,205.9520736736406,345.1938775510204
Stage B (D+T+S+W+B),EH,25,0.9963325628160301,6912.5,286.24908166537176,829.280612244898
Stage B (D+T+S+W+B),EH,27,1.1972851923698196,7548.818181818182,363.09098642116555,1241.1139455782313
Stage B (D+T+S+W+B),EH,28,1.0849791498442756,7220.090909090909,341.1168119677362,838.3843537414966
Stage B (D+T+S+W+B),EH,29,0.7863111450069776,6621.0,202.71222783457117,662.4302721088435
