episode,S,W,B,eta,train_return,train_cv,eval_score,eval_A,eval_B_obs,eval_B_0.6,epsilon
1,1,0,1,0.0,-72.46,0.6265,,,,,0.998
2,1,0,1,0.0,-87.38,0.6535,,,,,0.996
3,0,1,0,0.043,-73.66,0.6375,,,,,0.994
4,1,0,1,0.0,-53.69,0.5843,,,,,0.992
5,0,0,0,0.0,-57.18,0.5371,,,,,0.989
6,0,1,1,0.105,-48.54,0.6027,,,,,0.987
7,1,0,1,0.0,-108.25,0.8417,,,,,0.985
8,1,1,0,0.761,-106.61,0.8359,,,,,0.983
9,0,1,1,0.723,-83.47,0.7082,,,,,0.981
10,1,1,0,0.7,-101.55,0.916,,,,,0.979
11,1,0,1,0.0,-91.4,0.7458,,,,,0.977
12,0,0,1,0.0,-40.95,0.53,,,,,0.975
13,1,0,0,0.0,-49.46,0.5338,,,,,0.972
14,0,1,0,0.81,-79.85,0.8112,,,,,0.97
15,1,1,0,0.256,-74.89,0.6528,,,,,0.968
16,1,0,1,0.0,-71.03,0.6233,,,,,0.966
17,1,1,0,0.654,-113.25,0.8805,,,,,0.964
18,0,0,1,0.0,-39.36,0.4824,,,,,0.962
19,0,1,1,0.71,-134.84,1.0657,,,,,0.96
20,0,0,0,0.0,-124.03,0.788,,,,,0.958
21,0,1,0,0.599,-123.84,0.9167,,,,,0.955
22,0,0,1,0.0,-68.94,0.6601,,,,,0.953
23,1,0,1,0.0,-60.3,0.5792,,,,,0.951
24,0,1,1,0.576,-107.76,0.7775,,,,,0.949
25,0,1,1,0.523,-87.74,0.7983,,,,,0.947
26,1,1,0,1.268,-97.95,0.772,,,,,0.945
27,0,0,0,0.0,-43.23,0.4643,,,,,0.943
28,0,0,0,0.0,-58.48,0.624,,,,,0.941
29,1,1,0,1.213,-146.31,1.1813,,,,,0.938
30,0,1,0,1.215,-89.28,0.8359,,,,,0.936
31,0,0,1,0.0,-47.64,0.4914,,,,,0.934
32,1,1,0,0.017,-69.06,0.6444,,,,,0.932
33,1,1,0,0.623,-99.28,0.7818,,,,,0.93
34,0,0,0,0.0,-62.0,0.5872,,,,,0.928
35,0,0,0,0.0,-106.78,0.7867,,,,,0.926
36,1,1,0,1.083,-95.9,0.8575,,,,,0.923
37,0,0,0,0.0,-68.85,0.6102,,,,,0.921
38,1,1,1,0.585,-128.15,0.8913,,,,,0.919
39,1,1,0,0.032,-37.63,0.4701,,,,,0.917
40,1,1,1,0.062,-56.27,0.5026,,,,,0.915
41,0,1,1,0.298,-100.1,0.8386,,,,,0.913
42,1,1,0,1.273,-122.05,0.9078,,,,,0.911
43,1,0,1,0.0,-55.1,0.4941,,,,,0.909
44,0,1,1,1.214,-115.15,0.8045,,,,,0.907
45,0,1,1,0.176,-85.2,0.701,,,,,0.904
46,1,0,0,0.0,-55.57,0.5122,,,,,0.902
47,0,1,1,1.145,-94.06,0.793,,,,,0.9
48,1,1,0,0.845,-101.78,0.8401,,,,,0.898
49,0,1,0,1.08,-112.16,0.8699,,,,,0.896
50,1,1,0,1.287,-82.61,0.7812,0.486,0.3499,0.4364,0.6717,0.894
51,0,1,0,0.217,-53.16,0.641,,,,,0.892
52,1,0,0,0.0,-52.14,0.5604,,,,,0.889
53,0,1,1,0.737,-97.0,0.8235,,,,,0.887
54,1,1,0,0.669,-81.64,0.7702,,,,,0.885
55,1,1,0,0.204,-42.79,0.4841,,,,,0.883
56,0,1,1,0.526,-82.88,0.7174,,,,,0.881
57,1,1,0,0.713,-82.32,0.9339,,,,,0.879
58,0,0,0,0.0,-51.52,0.5379,,,,,0.877
59,1,1,1,1.158,-69.29,0.6944,,,,,0.875
60,1,0,1,0.0,-52.19,0.5121,,,,,0.872
61,1,0,0,0.0,-30.57,0.3821,,,,,0.87
62,0,1,0,0.724,-93.71,0.9209,,,,,0.868
63,1,1,0,0.78,-97.61,0.8376,,,,,0.866
64,1,0,1,0.0,-58.7,0.6626,,,,,0.864
65,0,0,0,0.0,-31.45,0.4118,,,,,0.862
66,1,0,1,0.0,-93.01,0.7497,,,,,0.86
67,1,0,1,0.0,-46.84,0.4647,,,,,0.858
68,0,0,1,0.0,-42.15,0.5605,,,,,0.856
69,1,0,1,0.0,-42.46,0.495,,,,,0.853
70,0,1,1,0.255,-98.45,0.8196,,,,,0.851
71,0,1,0,0.031,-58.21,0.5669,,,,,0.849
72,0,0,1,0.0,-51.69,0.5523,,,,,0.847
73,0,1,0,0.709,-118.04,0.8518,,,,,0.845
74,0,1,1,0.253,-76.68,0.6281,,,,,0.843
75,1,1,1,1.088,-116.6,1.1012,,,,,0.841
76,1,1,1,0.581,-77.43,0.6564,,,,,0.839
77,0,0,0,0.0,-24.18,0.3366,,,,,0.836
78,0,1,0,0.342,-58.17,0.6087,,,,,0.834
79,0,0,0,0.0,-38.81,0.4568,,,,,0.832
80,1,1,0,0.546,-78.64,0.7702,,,,,0.83
81,1,0,0,0.0,-51.8,0.4934,,,,,0.828
82,0,0,1,0.0,-56.73,0.5183,,,,,0.826
83,0,0,0,0.0,-79.51,0.6396,,,,,0.824
84,1,1,0,0.968,-109.73,0.7797,,,,,0.821
85,1,1,1,0.209,-59.65,0.5734,,,,,0.819
86,1,1,0,1.184,-167.0,1.1136,,,,,0.817
87,0,0,0,0.0,-66.4,0.6107,,,,,0.815
88,0,1,0,0.671,-121.08,0.8911,,,,,0.813
89,0,0,1,0.0,-65.09,0.657,,,,,0.811
90,0,1,0,1.146,-78.62,0.7989,,,,,0.809
91,1,1,1,0.118,-107.06,0.7537,,,,,0.807
92,0,0,0,0.0,-47.81,0.5133,,,,,0.804
93,1,0,1,0.0,-64.79,0.5594,,,,,0.802
94,0,0,0,0.0,-53.73,0.573,,,,,0.8
95,0,1,1,1.019,-105.95,0.8882,,,,,0.798
96,1,0,0,0.0,-28.64,0.4206,,,,,0.796
97,0,0,0,0.0,-43.03,0.5027,,,,,0.794
98,0,1,1,0.363,-63.29,0.6043,,,,,0.792
99,0,0,1,0.0,-52.27,0.6068,,,,,0.79
100,1,1,1,0.311,-47.14,0.625,0.4828,0.3442,0.43,0.674,0.787
101,0,1,1,0.668,-117.03,0.7977,,,,,0.785
102,0,1,0,0.714,-83.33,0.798,,,,,0.783
103,1,0,0,0.0,-32.11,0.4418,,,,,0.781
104,0,0,0,0.0,-77.49,0.7265,,,,,0.779
105,1,1,1,0.79,-90.57,0.8388,,,,,0.777
106,1,0,1,0.0,-57.18,0.5564,,,,,0.775
107,1,0,1,0.0,-47.53,0.4652,,,,,0.773
108,1,0,1,0.0,-19.76,0.3312,,,,,0.77
109,0,0,0,0.0,-79.57,0.6459,,,,,0.768
110,0,0,1,0.0,-89.89,0.7355,,,,,0.766
111,0,0,1,0.0,-65.33,0.5829,,,,,0.764
112,0,0,1,0.0,-32.3,0.4237,,,,,0.762
113,1,1,1,1.128,-130.07,0.8763,,,,,0.76
114,1,1,1,0.012,-31.1,0.4754,,,,,0.758
115,0,0,0,0.0,-56.88,0.563,,,,,0.756
116,1,1,0,0.194,-38.55,0.5294,,,,,0.753
117,1,1,0,0.119,-64.03,0.583,,,,,0.751
118,1,1,1,0.64,-87.85,0.6945,,,,,0.749
119,0,1,1,1.118,-107.4,0.8237,,,,,0.747
120,0,0,1,0.0,-74.83,0.668,,,,,0.745
121,0,1,0,0.818,-123.47,0.9235,,,,,0.743
122,0,1,0,0.196,-34.42,0.4738,,,,,0.741
123,0,1,0,1.136,-84.11,0.7159,,,,,0.738
124,1,0,1,0.0,-48.86,0.5799,,,,,0.736
125,0,0,1,0.0,-33.26,0.4064,,,,,0.734
126,0,1,1,0.43,-109.64,0.901,,,,,0.732
127,1,1,1,0.931,-135.95,0.8806,,,,,0.73
128,0,1,1,0.501,-62.81,0.57,,,,,0.728
129,0,0,0,0.0,-35.06,0.45,,,,,0.726
130,0,0,1,0.0,-42.94,0.5119,,,,,0.724
131,1,0,0,0.0,-38.75,0.4371,,,,,0.722
132,0,0,1,0.0,-37.94,0.4228,,,,,0.72
133,0,1,0,0.529,-72.27,0.6992,,,,,0.717
134,1,0,0,0.0,-60.69,0.6203,,,,,0.715
135,1,0,1,0.0,-75.88,0.7083,,,,,0.713
136,1,1,1,1.121,-110.39,1.0083,,,,,0.711
137,0,1,0,0.27,-61.13,0.6112,,,,,0.709
138,1,1,1,0.813,-109.32,0.8788,,,,,0.707
139,1,0,1,0.0,-86.12,0.6614,,,,,0.705
140,0,0,0,0.0,-48.17,0.4293,,,,,0.703
141,1,0,1,0.0,-71.39,0.6241,,,,,0.7
142,1,1,0,0.034,-20.8,0.3481,,,,,0.698
143,0,0,0,0.0,-78.6,0.7329,,,,,0.696
144,0,0,1,0.0,-64.8,0.6204,,,,,0.694
145,0,0,1,0.0,-22.56,0.3927,,,,,0.692
146,1,0,0,0.0,-60.48,0.5547,,,,,0.69
147,1,1,1,0.869,-99.01,0.7916,,,,,0.688
148,0,1,1,0.099,-35.63,0.4114,,,,,0.686
149,1,0,1,0.0,-68.02,0.6246,,,,,0.683
150,0,1,0,1.223,-71.27,0.6761,0.5141,0.381,0.4678,0.6934,0.681
151,1,0,0,0.0,-42.81,0.4378,,,,,0.679
152,1,0,1,0.0,-36.99,0.4739,,,,,0.677
153,0,0,1,0.0,-24.37,0.4905,,,,,0.675
154,1,0,0,0.0,-17.92,0.3126,,,,,0.673
155,0,1,1,0.007,-39.92,0.4521,,,,,0.671
156,1,1,1,0.166,-27.44,0.4119,,,,,0.669
157,0,0,0,0.0,-39.07,0.4429,,,,,0.666
158,1,1,1,0.588,-93.61,0.7775,,,,,0.664
159,0,0,0,0.0,-40.06,0.4518,,,,,0.662
160,1,0,0,0.0,-15.47,0.2861,,,,,0.66
161,1,1,1,0.719,-102.03,0.9704,,,,,0.658
162,1,1,1,0.191,-73.43,0.632,,,,,0.656
163,1,0,1,0.0,-36.73,0.4986,,,,,0.654
164,1,0,0,0.0,-57.57,0.5345,,,,,0.651
165,0,1,1,1.083,-90.48,0.7711,,,,,0.649
166,1,1,0,0.204,-65.7,0.625,,,,,0.647
167,0,0,0,0.0,-63.23,0.5746,,,,,0.645
168,0,1,1,1.007,-107.55,0.8342,,,,,0.643
169,1,1,0,0.169,-37.38,0.4181,,,,,0.641
170,0,0,0,0.0,-24.08,0.3449,,,,,0.639
171,1,1,0,0.241,-34.89,0.4824,,,,,0.637
172,1,1,1,0.797,-105.7,0.8729,,,,,0.634
173,0,1,0,0.77,-69.02,0.6591,,,,,0.632
174,1,1,1,0.082,-35.13,0.4545,,,,,0.63
175,1,1,0,1.13,-93.13,0.9131,,,,,0.628
176,1,1,1,1.191,-65.44,0.7146,,,,,0.626
177,0,0,0,0.0,-67.34,0.636,,,,,0.624
178,0,0,1,0.0,-19.89,0.3042,,,,,0.622
179,1,0,1,0.0,-75.32,0.6477,,,,,0.619
180,0,1,0,0.992,-117.77,0.9174,,,,,0.617
181,1,1,0,0.4,-85.69,0.6478,,,,,0.615
182,1,0,1,0.0,-54.93,0.53,,,,,0.613
183,0,0,0,0.0,-26.81,0.4409,,,,,0.611
184,1,0,1,0.0,-54.68,0.5599,,,,,0.609
185,0,1,0,1.214,-117.52,0.7953,,,,,0.607
186,0,1,1,0.522,-119.36,0.823,,,,,0.605
187,1,0,1,0.0,-43.28,0.478,,,,,0.602
188,0,0,0,0.0,-32.59,0.4385,,,,,0.6
189,1,0,0,0.0,-38.9,0.4523,,,,,0.598
190,0,0,1,0.0,-31.62,0.4286,,,,,0.596
191,1,1,0,1.238,-163.15,1.1203,,,,,0.594
192,0,1,1,1.001,-82.16,0.7521,,,,,0.592
193,0,1,0,0.362,-78.0,0.6808,,,,,0.59
194,0,0,0,0.0,-69.77,0.6273,,,,,0.587
195,0,1,0,0.305,-39.47,0.5005,,,,,0.585
196,1,0,1,0.0,-31.33,0.4026,,,,,0.583
197,1,1,1,0.252,-103.65,0.7147,,,,,0.581
198,0,1,1,1.024,-108.7,0.8958,,,,,0.579
199,1,1,0,0.047,-70.9,0.6458,,,,,0.577
200,1,0,0,0.0,-77.43,0.6124,0.4897,0.3614,0.4458,0.6619,0.575
201,0,0,0,0.0,-39.3,0.4599,,,,,0.573
202,0,0,1,0.0,-43.28,0.5029,,,,,0.57
203,0,0,1,0.0,-52.05,0.5323,,,,,0.568
204,0,0,0,0.0,-22.43,0.3886,,,,,0.566
205,1,1,0,0.577,-95.55,0.8119,,,,,0.564
206,0,0,1,0.0,-40.6,0.4712,,,,,0.562
207,1,1,1,0.082,-19.99,0.3839,,,,,0.56
208,0,0,1,0.0,-47.22,0.5127,,,,,0.558
209,1,1,1,0.544,-107.94,0.8773,,,,,0.556
210,1,0,1,0.0,-70.23,0.6267,,,,,0.554
211,1,1,0,0.262,-61.66,0.5756,,,,,0.551
212,0,1,0,0.558,-86.83,0.738,,,,,0.549
213,0,0,0,0.0,-34.78,0.4472,,,,,0.547
214,0,1,0,0.879,-64.6,0.6829,,,,,0.545
215,0,0,1,0.0,-35.36,0.4444,,,,,0.543
216,1,0,0,0.0,-32.54,0.4203,,,,,0.541
217,0,0,0,0.0,-59.68,0.5209,,,,,0.539
218,1,0,1,0.0,-34.96,0.4498,,,,,0.536
219,0,0,0,0.0,-41.22,0.5197,,,,,0.534
220,1,1,0,1.282,-84.61,0.8448,,,,,0.532
221,1,0,1,0.0,-48.2,0.532,,,,,0.53
222,0,0,0,0.0,-25.16,0.3168,,,,,0.528
223,1,1,1,1.017,-117.8,0.8132,,,,,0.526
224,1,0,1,0.0,-57.55,0.5518,,,,,0.524
225,0,0,1,0.0,-62.31,0.5867,,,,,0.522
226,1,1,1,0.386,-96.15,0.7053,,,,,0.52
227,1,1,1,1.3,-149.77,1.0233,,,,,0.517
228,0,0,0,0.0,-22.11,0.3669,,,,,0.515
229,0,0,0,0.0,-46.59,0.5166,,,,,0.513
230,1,0,1,0.0,-29.71,0.3739,,,,,0.511
231,1,1,1,0.878,-122.19,1.0017,,,,,0.509
232,0,1,1,0.559,-107.49,0.7866,,,,,0.507
233,0,0,1,0.0,-31.75,0.4487,,,,,0.505
234,0,1,0,1.058,-156.33,1.0445,,,,,0.503
235,1,0,0,0.0,-24.48,0.3512,,,,,0.501
236,1,1,1,0.511,-108.05,0.8543,,,,,0.498
237,0,1,1,0.851,-127.03,1.1061,,,,,0.496
238,0,0,0,0.0,-67.67,0.6424,,,,,0.494
239,0,1,1,1.048,-71.54,0.6795,,,,,0.492
240,0,0,0,0.0,-17.6,0.3439,,,,,0.49
241,1,1,0,0.42,-44.93,0.5174,,,,,0.488
242,1,1,0,0.443,-116.0,0.8582,,,,,0.486
243,0,0,0,0.0,-27.43,0.3343,,,,,0.483
244,0,0,1,0.0,-55.26,0.5235,,,,,0.481
245,1,0,0,0.0,-34.49,0.3919,,,,,0.479
246,1,0,0,0.0,-44.57,0.4892,,,,,0.477
247,0,0,1,0.0,-23.87,0.3632,,,,,0.475
248,1,1,1,0.787,-66.22,0.6564,,,,,0.473
249,0,0,1,0.0,-39.92,0.5021,,,,,0.471
250,1,0,0,0.0,-30.82,0.3684,0.5013,0.3592,0.4655,0.6793,0.469
251,1,0,0,0.0,-59.6,0.5433,,,,,0.466
252,1,1,0,0.086,-30.48,0.4684,,,,,0.464
253,0,0,0,0.0,-30.61,0.4218,,,,,0.462
254,0,1,0,0.76,-50.82,0.6925,,,,,0.46
255,0,0,1,0.0,-35.82,0.3945,,,,,0.458
256,0,1,1,0.434,-82.14,0.7219,,,,,0.456
257,0,1,1,1.184,-131.11,0.8698,,,,,0.454
258,0,0,0,0.0,-40.15,0.5352,,,,,0.452
259,0,0,1,0.0,-19.33,0.3836,,,,,0.449
260,1,1,0,0.006,-49.08,0.5435,,,,,0.447
261,1,1,1,0.498,-91.38,0.7211,,,,,0.445
262,1,1,0,1.095,-144.67,1.0567,,,,,0.443
263,1,0,1,0.0,-58.06,0.5518,,,,,0.441
264,0,1,0,0.903,-127.07,0.9148,,,,,0.439
265,0,1,1,0.57,-74.13,0.7292,,,,,0.437
266,1,1,1,0.318,-63.89,0.6057,,,,,0.435
267,1,1,0,0.131,-69.57,0.6093,,,,,0.433
268,1,1,1,0.267,-70.92,0.5558,,,,,0.43
269,0,0,1,0.0,-53.32,0.5005,,,,,0.428
270,1,0,1,0.0,-36.48,0.4529,,,,,0.426
271,0,1,1,0.14,-37.03,0.41,,,,,0.424
272,1,1,1,0.082,-39.03,0.4452,,,,,0.422
273,1,0,0,0.0,-18.35,0.2905,,,,,0.42
274,0,0,1,0.0,-22.96,0.3228,,,,,0.418
275,1,1,0,1.112,-90.38,0.8903,,,,,0.416
276,1,1,1,1.149,-124.82,0.9665,,,,,0.413
277,1,0,0,0.0,-26.91,0.3933,,,,,0.411
278,0,1,0,1.076,-123.44,1.0017,,,,,0.409
279,0,0,0,0.0,-46.67,0.4661,,,,,0.407
280,0,0,1,0.0,-53.78,0.5328,,,,,0.405
281,1,0,0,0.0,-36.25,0.4092,,,,,0.403
282,0,0,0,0.0,-53.96,0.5606,,,,,0.401
283,0,1,1,0.626,-83.68,0.6515,,,,,0.398
284,0,0,1,0.0,-28.47,0.3619,,,,,0.396
285,1,0,1,0.0,-38.86,0.4363,,,,,0.394
286,1,0,1,0.0,-51.94,0.5051,,,,,0.392
287,1,0,1,0.0,-52.77,0.4957,,,,,0.39
288,1,1,0,1.124,-108.63,0.9134,,,,,0.388
289,1,1,0,0.242,-80.99,0.7415,,,,,0.386
290,0,0,0,0.0,-50.15,0.4823,,,,,0.384
291,0,0,1,0.0,-26.49,0.3462,,,,,0.381
292,1,0,0,0.0,-25.95,0.3537,,,,,0.379
293,1,0,0,0.0,-26.67,0.3946,,,,,0.377
294,1,1,1,1.198,-101.75,0.7343,,,,,0.375
295,1,1,0,0.374,-28.76,0.3716,,,,,0.373
296,1,0,0,0.0,-44.13,0.5024,,,,,0.371
297,0,1,0,0.31,-72.11,0.5954,,,,,0.369
298,1,1,0,0.527,-56.72,0.5305,,,,,0.366
299,1,1,1,1.173,-117.14,0.814,,,,,0.364
300,1,0,0,0.0,-31.4,0.3954,0.5176,0.3718,0.4793,0.7018,0.362
301,1,1,0,0.817,-86.53,0.917,,,,,0.36
302,0,0,1,0.0,-21.97,0.3394,,,,,0.358
303,1,0,0,0.0,-88.61,0.7515,,,,,0.356
304,0,1,1,0.871,-64.86,0.7306,,,,,0.354
305,0,0,1,0.0,-18.56,0.3722,,,,,0.352
306,0,1,1,0.093,-18.87,0.3575,,,,,0.35
307,0,0,1,0.0,-28.61,0.3952,,,,,0.348
308,1,1,1,1.01,-112.0,0.8537,,,,,0.345
309,0,1,0,0.681,-117.23,0.8891,,,,,0.343
310,0,1,0,0.092,-32.26,0.4271,,,,,0.341
311,0,1,0,0.092,-36.32,0.438,,,,,0.339
312,1,0,1,0.0,-35.36,0.4935,,,,,0.337
313,1,1,1,1.122,-119.37,0.881,,,,,0.335
314,1,1,1,0.557,-86.19,0.7244,,,,,0.333
315,1,0,0,0.0,-33.82,0.4437,,,,,0.331
316,1,0,1,0.0,-36.18,0.4196,,,,,0.328
317,1,1,1,1.031,-140.17,0.926,,,,,0.326
318,0,1,0,1.072,-86.78,0.8053,,,,,0.324
319,1,1,0,0.043,-45.93,0.4548,,,,,0.322
320,1,1,0,0.825,-54.48,0.728,,,,,0.32
321,1,1,1,1.174,-108.74,0.8988,,,,,0.318
322,1,0,0,0.0,-34.6,0.4418,,,,,0.316
323,1,1,0,1.177,-103.24,0.7022,,,,,0.313
324,0,1,0,1.125,-64.9,0.7259,,,,,0.311
325,1,0,1,0.0,-40.99,0.4556,,,,,0.309
326,0,1,0,0.622,-85.95,0.7521,,,,,0.307
327,1,0,1,0.0,-75.88,0.6585,,,,,0.305
328,0,1,1,0.073,-29.11,0.3989,,,,,0.303
329,0,0,0,0.0,-20.33,0.3575,,,,,0.301
330,0,0,1,0.0,-30.02,0.3723,,,,,0.299
331,1,0,1,0.0,-53.16,0.5424,,,,,0.296
332,0,0,0,0.0,-29.82,0.4169,,,,,0.294
333,0,0,1,0.0,-25.31,0.3538,,,,,0.292
334,1,0,1,0.0,-35.58,0.4647,,,,,0.29
335,0,1,0,1.168,-126.51,0.8743,,,,,0.288
336,1,1,0,0.112,-66.56,0.637,,,,,0.286
337,0,1,1,0.807,-118.24,0.9927,,,,,0.284
338,0,0,1,0.0,-33.46,0.4422,,,,,0.282
339,0,1,1,1.181,-141.89,1.2488,,,,,0.279
340,0,0,0,0.0,-15.31,0.2703,,,,,0.277
341,0,0,1,0.0,-23.9,0.3121,,,,,0.275
342,1,0,0,0.0,-29.48,0.3636,,,,,0.273
343,1,1,0,0.704,-78.8,0.6756,,,,,0.271
344,0,1,0,0.733,-105.17,0.7553,,,,,0.269
345,1,1,1,1.291,-144.56,0.9821,,,,,0.267
346,1,1,0,0.124,-30.08,0.4038,,,,,0.265
347,0,1,1,1.19,-96.06,0.8888,,,,,0.262
348,1,1,1,0.249,-52.05,0.5281,,,,,0.26
349,0,0,1,0.0,-40.4,0.5378,,,,,0.258
350,1,0,1,0.0,-20.18,0.3044,0.499,0.3604,0.4511,0.6856,0.256
351,0,1,0,1.012,-162.18,1.3994,,,,,0.254
352,1,1,0,0.737,-70.43,0.6174,,,,,0.252
353,0,0,1,0.0,-35.79,0.4325,,,,,0.25
354,0,0,0,0.0,-13.86,0.2662,,,,,0.248
355,0,0,0,0.0,-25.59,0.427,,,,,0.245
356,1,1,0,1.291,-83.3,0.6733,,,,,0.243
357,1,0,1,0.0,-58.06,0.5359,,,,,0.241
358,1,1,0,0.296,-34.58,0.4319,,,,,0.239
359,1,1,1,1.255,-82.99,0.8814,,,,,0.237
360,0,0,0,0.0,-49.17,0.4593,,,,,0.235
361,0,0,0,0.0,-20.3,0.3426,,,,,0.233
362,0,1,0,1.264,-117.5,0.9496,,,,,0.23
363,0,0,1,0.0,-15.08,0.2988,,,,,0.228
364,1,1,1,0.955,-58.58,0.5917,,,,,0.226
365,1,0,0,0.0,-55.43,0.6238,,,,,0.224
366,1,0,0,0.0,-48.58,0.5286,,,,,0.222
367,1,0,1,0.0,-30.98,0.4382,,,,,0.22
368,0,0,1,0.0,-30.67,0.4651,,,,,0.218
369,1,1,1,0.559,-64.36,0.5278,,,,,0.216
370,0,0,1,0.0,-32.69,0.4044,,,,,0.213
371,0,0,0,0.0,-38.13,0.421,,,,,0.211
372,1,1,0,0.733,-67.15,0.596,,,,,0.209
373,0,1,0,1.217,-118.11,1.1396,,,,,0.207
374,0,0,1,0.0,-28.96,0.3557,,,,,0.205
375,1,0,0,0.0,-25.85,0.3463,,,,,0.203
376,1,1,1,0.24,-35.55,0.4446,,,,,0.201
377,1,1,0,0.417,-95.18,0.7128,,,,,0.198
378,1,0,1,0.0,-24.25,0.315,,,,,0.196
379,0,1,1,0.317,-50.68,0.4926,,,,,0.194
380,1,1,1,0.955,-84.37,0.684,,,,,0.192
381,0,0,0,0.0,-14.28,0.2306,,,,,0.19
382,0,0,0,0.0,-18.46,0.3301,,,,,0.188
383,0,1,0,0.379,-77.85,0.6675,,,,,0.186
384,0,1,0,0.485,-55.88,0.6901,,,,,0.184
385,0,0,1,0.0,-18.14,0.3041,,,,,0.181
386,0,1,0,0.429,-52.3,0.5315,,,,,0.179
387,0,0,0,0.0,-21.32,0.3506,,,,,0.177
388,1,0,0,0.0,-23.53,0.3669,,,,,0.175
389,0,0,1,0.0,-18.0,0.2766,,,,,0.173
390,0,1,1,0.886,-80.28,0.8603,,,,,0.171
391,1,0,1,0.0,-54.69,0.5159,,,,,0.169
392,1,0,1,0.0,-14.97,0.2778,,,,,0.167
393,1,0,0,0.0,-18.87,0.277,,,,,0.165
394,1,0,0,0.0,-21.93,0.308,,,,,0.162
395,1,0,1,0.0,-17.77,0.2971,,,,,0.16
396,0,0,1,0.0,-34.82,0.4113,,,,,0.158
397,1,1,1,0.711,-150.9,1.1383,,,,,0.156
398,0,0,0,0.0,-25.59,0.321,,,,,0.154
399,0,0,1,0.0,-27.53,0.4338,,,,,0.152
400,1,1,1,1.055,-111.98,0.8369,0.5336,0.3882,0.4927,0.7198,0.15
401,1,1,0,0.901,-131.95,0.8791,,,,,0.147
402,0,1,1,0.094,-42.91,0.4679,,,,,0.145
403,0,1,0,0.704,-118.05,0.9438,,,,,0.143
404,0,0,1,0.0,-32.08,0.433,,,,,0.141
405,1,0,0,0.0,-32.4,0.3939,,,,,0.139
406,0,0,0,0.0,-24.67,0.342,,,,,0.137
407,1,0,1,0.0,-34.03,0.3647,,,,,0.135
408,1,0,0,0.0,-20.3,0.2775,,,,,0.133
409,0,0,1,0.0,-22.72,0.363,,,,,0.13
410,0,1,1,0.121,-41.15,0.4788,,,,,0.128
411,0,1,0,0.003,-33.96,0.4199,,,,,0.126
412,0,0,0,0.0,-10.86,0.221,,,,,0.124
413,0,1,0,1.083,-114.41,0.8627,,,,,0.122
414,0,1,0,0.429,-62.87,0.5942,,,,,0.12
415,1,0,0,0.0,-22.69,0.3752,,,,,0.118
416,1,0,1,0.0,-54.88,0.6049,,,,,0.116
417,0,0,0,0.0,-32.67,0.4155,,,,,0.113
418,1,0,0,0.0,-26.32,0.3792,,,,,0.111
419,0,0,0,0.0,-19.52,0.301,,,,,0.109
420,1,0,1,0.0,-39.91,0.4294,,,,,0.107
421,1,1,0,0.071,-22.41,0.3406,,,,,0.105
422,1,1,1,0.978,-87.58,0.9154,,,,,0.103
423,1,0,0,0.0,-52.13,0.518,,,,,0.101
424,1,0,0,0.0,-31.96,0.4181,,,,,0.098
425,1,0,0,0.0,-48.41,0.4503,,,,,0.096
426,0,0,1,0.0,-33.18,0.4221,,,,,0.094
427,0,0,1,0.0,-58.49,0.5453,,,,,0.092
428,1,1,1,0.631,-112.4,0.9216,,,,,0.09
429,0,1,1,1.061,-112.89,0.9688,,,,,0.088
430,1,0,0,0.0,-44.1,0.5177,,,,,0.086
431,0,0,0,0.0,-45.62,0.5217,,,,,0.084
432,1,0,0,0.0,-46.96,0.4715,,,,,0.082
433,0,0,0,0.0,-10.4,0.2227,,,,,0.079
434,0,0,0,0.0,-44.9,0.4792,,,,,0.077
435,1,1,0,0.745,-99.99,0.7825,,,,,0.075
436,0,1,0,0.326,-47.72,0.5249,,,,,0.073
437,0,0,0,0.0,-24.61,0.3392,,,,,0.071
438,1,0,0,0.0,-32.11,0.4646,,,,,0.069
439,0,1,0,0.83,-72.81,0.6956,,,,,0.066
440,1,0,0,0.0,-94.12,0.5519,,,,,0.064
441,0,0,1,0.0,-27.9,0.4354,,,,,0.062
442,0,0,1,0.0,-31.35,0.4097,,,,,0.06
443,0,0,0,0.0,-24.28,0.3632,,,,,0.058
444,1,0,0,0.0,-21.21,0.3415,,,,,0.056
445,0,1,1,1.018,-88.25,0.8601,,,,,0.054
446,1,0,0,0.0,-28.08,0.3654,,,,,0.052
447,1,1,0,1.123,-72.47,0.71,,,,,0.05
448,1,0,1,0.0,-35.32,0.4074,,,,,0.05
449,1,1,1,0.442,-84.13,0.7682,,,,,0.05
450,1,1,0,1.04,-115.34,1.0839,0.4872,0.3544,0.4353,0.6718,0.05
451,0,1,1,0.61,-75.27,0.5939,,,,,0.05
452,1,1,1,0.13,-31.07,0.4274,,,,,0.05
453,1,0,1,0.0,-51.39,0.5089,,,,,0.05
454,1,0,1,0.0,-44.58,0.4687,,,,,0.05
455,0,0,0,0.0,-17.6,0.354,,,,,0.05
456,0,1,0,0.528,-63.44,0.6071,,,,,0.05
457,1,0,1,0.0,-53.27,0.5043,,,,,0.05
458,1,0,1,0.0,-32.58,0.4129,,,,,0.05
459,1,1,1,0.035,-19.69,0.3242,,,,,0.05
460,0,0,1,0.0,-25.7,0.3329,,,,,0.05
461,1,1,0,0.614,-52.77,0.6555,,,,,0.05
462,0,0,0,0.0,-40.78,0.4292,,,,,0.05
463,1,1,0,0.712,-129.22,0.865,,,,,0.05
464,1,0,0,0.0,-51.26,0.5269,,,,,0.05
465,1,0,1,0.0,-21.75,0.3526,,,,,0.05
466,1,1,1,1.206,-128.4,0.8977,,,,,0.05
467,0,0,0,0.0,-19.62,0.319,,,,,0.05
468,0,0,1,0.0,-36.96,0.3847,,,,,0.05
469,0,1,1,0.876,-83.87,0.6548,,,,,0.05
470,0,0,0,0.0,-38.2,0.4388,,,,,0.05
471,0,0,0,0.0,-26.56,0.3849,,,,,0.05
472,0,0,1,0.0,-52.49,0.4569,,,,,0.05
473,1,1,0,0.661,-86.08,0.7743,,,,,0.05
474,0,0,0,0.0,-20.58,0.316,,,,,0.05
475,1,1,0,0.65,-103.61,0.9421,,,,,0.05
476,1,0,1,0.0,-25.66,0.3571,,,,,0.05
477,1,0,0,0.0,-53.69,0.5372,,,,,0.05
478,0,1,1,0.31,-47.47,0.5255,,,,,0.05
479,1,1,1,0.436,-72.9,0.7055,,,,,0.05
480,0,1,0,0.155,-44.46,0.4714,,,,,0.05
481,0,0,1,0.0,-26.36,0.4231,,,,,0.05
482,0,1,0,1.187,-79.33,0.8275,,,,,0.05
483,1,0,1,0.0,-12.87,0.2748,,,,,0.05
484,1,0,0,0.0,-52.67,0.4964,,,,,0.05
485,0,0,0,0.0,-14.08,0.2458,,,,,0.05
486,0,1,0,0.705,-88.99,0.7984,,,,,0.05
487,0,1,1,0.391,-59.89,0.5348,,,,,0.05
488,0,0,0,0.0,-31.76,0.3963,,,,,0.05
489,1,1,1,1.136,-83.39,0.7066,,,,,0.05
490,1,0,1,0.0,-38.91,0.4186,,,,,0.05
491,0,0,0,0.0,-21.33,0.3359,,,,,0.05
492,1,1,1,0.108,-44.13,0.4444,,,,,0.05
493,0,0,1,0.0,-35.8,0.4521,,,,,0.05
494,0,1,0,0.974,-52.41,0.7844,,,,,0.05
495,1,0,1,0.0,-47.93,0.4662,,,,,0.05
496,0,1,0,0.589,-78.22,0.6318,,,,,0.05
497,1,0,0,0.0,-22.82,0.3197,,,,,0.05
498,0,1,1,0.444,-71.56,0.6114,,,,,0.05
499,0,1,0,1.262,-112.7,0.9047,,,,,0.05
500,0,0,0,0.0,-17.7,0.3618,0.5093,0.372,0.4673,0.6886,0.05
501,1,1,1,0.878,-104.9,0.7813,,,,,0.05
502,1,0,0,0.0,-38.67,0.454,,,,,0.05
503,0,1,0,0.567,-54.37,0.578,,,,,0.05
504,0,0,0,0.0,-14.44,0.2532,,,,,0.05
505,0,1,1,1.018,-110.96,0.8728,,,,,0.05
506,0,1,0,0.892,-71.86,0.6308,,,,,0.05
507,0,0,1,0.0,-15.79,0.2932,,,,,0.05
508,0,1,1,0.189,-34.54,0.4935,,,,,0.05
509,0,0,0,0.0,-23.59,0.3043,,,,,0.05
510,1,1,0,0.479,-73.54,0.7439,,,,,0.05
511,0,1,1,1.046,-167.1,0.9922,,,,,0.05
512,0,0,1,0.0,-26.69,0.3544,,,,,0.05
513,0,0,0,0.0,-7.5,0.1758,,,,,0.05
514,0,0,1,0.0,-11.88,0.2392,,,,,0.05
515,0,0,1,0.0,-13.75,0.2861,,,,,0.05
516,1,0,1,0.0,-26.18,0.3158,,,,,0.05
517,1,1,1,0.492,-43.49,0.5521,,,,,0.05
518,0,1,1,0.836,-65.11,0.7697,,,,,0.05
519,1,0,1,0.0,-30.29,0.3716,,,,,0.05
520,0,0,1,0.0,-23.97,0.3437,,,,,0.05
521,0,1,0,0.273,-52.01,0.5038,,,,,0.05
522,1,1,1,0.449,-112.33,0.8306,,,,,0.05
523,1,1,1,0.044,-24.7,0.375,,,,,0.05
524,1,0,0,0.0,-17.24,0.2921,,,,,0.05
525,0,0,0,0.0,-16.32,0.2785,,,,,0.05
526,0,1,0,0.266,-51.33,0.5608,,,,,0.05
527,1,1,1,1.039,-95.02,0.896,,,,,0.05
528,1,0,0,0.0,-29.39,0.3531,,,,,0.05
529,0,0,1,0.0,-54.44,0.6266,,,,,0.05
530,1,0,1,0.0,-57.99,0.555,,,,,0.05
531,1,0,0,0.0,-36.0,0.4471,,,,,0.05
532,1,1,1,1.084,-63.28,0.7788,,,,,0.05
533,1,1,1,0.58,-85.37,0.6364,,,,,0.05
534,0,1,0,0.0,-15.2,0.2665,,,,,0.05
535,0,1,0,0.412,-107.41,0.9437,,,,,0.05
536,1,0,1,0.0,-23.6,0.3293,,,,,0.05
537,0,1,1,0.563,-91.22,0.7534,,,,,0.05
538,1,0,1,0.0,-24.76,0.3346,,,,,0.05
539,0,0,1,0.0,-28.26,0.3774,,,,,0.05
540,0,1,1,0.658,-77.63,0.702,,,,,0.05
541,1,1,1,0.002,-39.41,0.4783,,,,,0.05
542,0,0,0,0.0,-15.66,0.3226,,,,,0.05
543,0,1,0,0.964,-66.69,0.6568,,,,,0.05
544,1,1,1,0.923,-91.63,0.7556,,,,,0.05
545,0,0,0,0.0,-25.71,0.3891,,,,,0.05
546,1,0,1,0.0,-56.47,0.5468,,,,,0.05
547,0,0,1,0.0,-26.17,0.3815,,,,,0.05
548,1,1,1,0.348,-61.21,0.5871,,,,,0.05
549,1,1,1,0.154,-90.36,0.6903,,,,,0.05
550,1,1,0,1.222,-62.36,0.788,0.5096,0.3629,0.4712,0.6947,0.05
551,1,1,1,0.376,-74.71,0.6565,,,,,0.05
552,0,0,1,0.0,-29.62,0.3706,,,,,0.05
553,1,1,0,0.78,-180.85,1.0578,,,,,0.05
554,0,0,1,0.0,-17.69,0.3268,,,,,0.05
555,0,1,0,0.935,-107.36,1.0367,,,,,0.05
556,1,1,1,0.44,-58.17,0.584,,,,,0.05
557,1,1,0,1.09,-117.92,0.8286,,,,,0.05
558,1,0,1,0.0,-38.43,0.4765,,,,,0.05
559,0,1,1,0.979,-102.66,0.7634,,,,,0.05
560,1,0,0,0.0,-75.52,0.5835,,,,,0.05
561,0,0,0,0.0,-49.7,0.531,,,,,0.05
562,0,0,0,0.0,-54.2,0.4513,,,,,0.05
563,1,0,0,0.0,-31.26,0.397,,,,,0.05
564,0,1,1,0.253,-28.5,0.401,,,,,0.05
565,1,0,0,0.0,-29.48,0.4112,,,,,0.05
566,1,0,1,0.0,-49.15,0.4676,,,,,0.05
567,0,0,0,0.0,-27.32,0.4041,,,,,0.05
568,0,0,1,0.0,-20.65,0.2896,,,,,0.05
569,1,1,1,0.337,-100.46,0.7505,,,,,0.05
570,0,0,0,0.0,-53.07,0.5518,,,,,0.05
571,1,0,1,0.0,-22.1,0.2997,,,,,0.05
572,0,1,1,0.32,-81.54,0.6854,,,,,0.05
573,1,0,1,0.0,-41.16,0.4888,,,,,0.05
574,1,1,1,0.807,-134.2,0.8789,,,,,0.05
575,0,0,0,0.0,-23.52,0.3724,,,,,0.05
576,0,0,1,0.0,-18.29,0.3062,,,,,0.05
577,0,0,1,0.0,-57.83,0.5343,,,,,0.05
578,1,1,1,0.563,-105.75,0.7281,,,,,0.05
579,0,0,0,0.0,-22.99,0.325,,,,,0.05
580,0,0,1,0.0,-22.51,0.3131,,,,,0.05
581,1,1,1,0.354,-36.78,0.535,,,,,0.05
582,0,1,0,0.01,-13.62,0.2948,,,,,0.05
583,0,0,1,0.0,-38.44,0.4423,,,,,0.05
584,1,0,0,0.0,-27.72,0.3926,,,,,0.05
585,0,1,1,0.318,-41.44,0.4526,,,,,0.05
586,1,0,0,0.0,-27.25,0.3409,,,,,0.05
587,1,1,0,0.101,-46.5,0.5583,,,,,0.05
588,0,0,0,0.0,-49.9,0.5098,,,,,0.05
589,1,0,0,0.0,-21.64,0.3567,,,,,0.05
590,1,1,1,0.005,-41.67,0.3936,,,,,0.05
591,0,0,0,0.0,-27.17,0.338,,,,,0.05
592,0,0,1,0.0,-20.42,0.2861,,,,,0.05
593,0,0,0,0.0,-28.6,0.4153,,,,,0.05
594,0,0,1,0.0,-16.97,0.3851,,,,,0.05
595,0,1,0,0.745,-70.71,0.6989,,,,,0.05
596,0,0,0,0.0,-31.01,0.4016,,,,,0.05
597,0,0,1,0.0,-49.02,0.5248,,,,,0.05
598,1,1,0,0.704,-71.46,0.5839,,,,,0.05
599,1,0,1,0.0,-62.9,0.5076,,,,,0.05
600,0,1,0,0.997,-63.11,0.5618,0.5204,0.3734,0.4764,0.7115,0.05
601,1,1,1,1.067,-131.7,0.8865,,,,,0.05
602,1,0,1,0.0,-49.07,0.532,,,,,0.05
603,0,0,1,0.0,-17.7,0.2761,,,,,0.05
604,1,0,0,0.0,-34.69,0.3718,,,,,0.05
605,1,1,0,0.459,-111.4,0.8454,,,,,0.05
606,0,1,0,0.408,-108.4,0.8517,,,,,0.05
607,1,0,0,0.0,-22.47,0.3329,,,,,0.05
608,0,1,0,0.159,-14.9,0.2877,,,,,0.05
609,0,0,1,0.0,-28.32,0.3467,,,,,0.05
610,0,1,1,0.406,-50.6,0.5812,,,,,0.05
611,1,1,1,0.748,-124.88,1.0704,,,,,0.05
612,1,0,1,0.0,-73.66,0.5729,,,,,0.05
613,0,0,0,0.0,-24.87,0.3701,,,,,0.05
614,0,0,0,0.0,-22.99,0.3485,,,,,0.05
615,0,1,0,1.228,-101.86,0.8241,,,,,0.05
616,1,0,1,0.0,-49.79,0.4452,,,,,0.05
617,0,1,0,0.202,-27.84,0.4029,,,,,0.05
618,0,1,1,0.478,-60.66,0.555,,,,,0.05
619,0,0,1,0.0,-34.08,0.4187,,,,,0.05
620,1,0,1,0.0,-19.76,0.3486,,,,,0.05
621,0,0,1,0.0,-37.89,0.4397,,,,,0.05
622,0,1,1,0.881,-85.4,0.8059,,,,,0.05
623,1,0,0,0.0,-56.29,0.5242,,,,,0.05
624,1,1,0,0.062,-22.15,0.3456,,,,,0.05
625,1,1,0,1.233,-90.44,0.8141,,,,,0.05
626,1,1,0,0.276,-39.52,0.4236,,,,,0.05
627,0,1,0,0.396,-45.17,0.5323,,,,,0.05
628,0,0,1,0.0,-36.01,0.4201,,,,,0.05
629,1,0,0,0.0,-15.44,0.312,,,,,0.05
630,1,0,1,0.0,-14.75,0.2795,,,,,0.05
631,0,0,1,0.0,-17.15,0.3531,,,,,0.05
632,1,0,1,0.0,-44.29,0.4801,,,,,0.05
633,1,0,1,0.0,-21.61,0.3771,,,,,0.05
634,0,0,1,0.0,-20.12,0.2894,,,,,0.05
635,0,1,1,0.766,-135.61,0.8723,,,,,0.05
636,1,0,0,0.0,-29.8,0.3602,,,,,0.05
637,0,1,0,0.334,-50.94,0.551,,,,,0.05
638,0,0,1,0.0,-40.9,0.4278,,,,,0.05
639,0,0,1,0.0,-18.66,0.328,,,,,0.05
640,1,1,1,0.545,-69.7,0.5981,,,,,0.05
641,0,1,1,1.268,-89.96,0.802,,,,,0.05
642,0,1,0,0.658,-104.48,0.8613,,,,,0.05
643,1,1,1,0.741,-75.5,0.71,,,,,0.05
644,1,1,1,0.43,-91.95,0.7724,,,,,0.05
645,1,1,0,0.147,-20.34,0.2688,,,,,0.05
646,1,1,1,1.046,-118.61,0.9527,,,,,0.05
647,1,1,1,0.511,-110.09,0.7849,,,,,0.05
648,0,1,0,0.529,-76.46,0.7115,,,,,0.05
649,1,1,0,0.14,-22.03,0.3178,,,,,0.05
650,0,1,1,0.804,-80.54,0.7053,0.5013,0.3642,0.4548,0.6847,0.05
651,0,0,1,0.0,-36.84,0.4511,,,,,0.05
652,1,1,1,1.265,-145.15,0.9808,,,,,0.05
653,0,0,1,0.0,-35.52,0.4625,,,,,0.05
654,0,1,1,0.88,-117.17,0.8003,,,,,0.05
655,1,1,1,0.522,-62.88,0.613,,,,,0.05
656,1,0,0,0.0,-25.93,0.3758,,,,,0.05
657,0,1,1,0.189,-53.8,0.6184,,,,,0.05
658,0,0,1,0.0,-18.53,0.3454,,,,,0.05
659,0,0,0,0.0,-37.17,0.4742,,,,,0.05
660,1,1,1,0.131,-21.83,0.3567,,,,,0.05
661,1,1,1,0.928,-71.79,0.6575,,,,,0.05
662,1,0,1,0.0,-14.59,0.2696,,,,,0.05
663,1,1,1,0.098,-14.82,0.3074,,,,,0.05
664,0,0,1,0.0,-32.72,0.3796,,,,,0.05
665,0,0,0,0.0,-16.21,0.3075,,,,,0.05
666,0,0,1,0.0,-31.94,0.3707,,,,,0.05
667,1,0,1,0.0,-65.39,0.5421,,,,,0.05
668,0,1,1,0.217,-17.85,0.3112,,,,,0.05
669,0,0,1,0.0,-16.41,0.3194,,,,,0.05
670,1,1,1,1.078,-90.93,0.726,,,,,0.05
671,0,1,0,0.814,-94.06,0.8117,,,,,0.05
672,1,1,1,0.725,-53.01,0.6815,,,,,0.05
673,1,1,1,1.209,-72.47,0.6488,,,,,0.05
674,1,1,0,0.882,-73.81,0.882,,,,,0.05
675,0,0,1,0.0,-37.91,0.4523,,,,,0.05
676,1,1,1,0.561,-151.17,1.0495,,,,,0.05
677,1,1,0,0.616,-54.95,0.4897,,,,,0.05
678,0,0,1,0.0,-34.33,0.3882,,,,,0.05
679,1,0,0,0.0,-23.01,0.3816,,,,,0.05
680,1,1,0,0.772,-129.46,0.7941,,,,,0.05
681,0,0,1,0.0,-31.51,0.3986,,,,,0.05
682,0,1,0,1.026,-132.2,0.8699,,,,,0.05
683,0,0,0,0.0,-21.67,0.3173,,,,,0.05
684,0,0,1,0.0,-35.63,0.4253,,,,,0.05
685,1,0,0,0.0,-23.1,0.3476,,,,,0.05
686,0,0,1,0.0,-18.62,0.3143,,,,,0.05
687,1,0,0,0.0,-35.57,0.4537,,,,,0.05
688,0,0,1,0.0,-19.38,0.3048,,,,,0.05
689,0,0,1,0.0,-13.03,0.2985,,,,,0.05
690,0,1,0,0.2,-50.1,0.4741,,,,,0.05
691,1,0,1,0.0,-28.19,0.3548,,,,,0.05
692,1,1,0,1.258,-68.78,0.7296,,,,,0.05
693,0,0,0,0.0,-29.13,0.367,,,,,0.05
694,0,1,1,1.121,-72.83,0.7834,,,,,0.05
695,0,0,0,0.0,-40.54,0.441,,,,,0.05
696,1,1,1,0.047,-31.5,0.4169,,,,,0.05
697,0,1,0,1.237,-128.72,0.9579,,,,,0.05
698,0,1,1,1.062,-179.48,1.1802,,,,,0.05
699,0,0,1,0.0,-34.82,0.4008,,,,,0.05
700,1,1,1,0.935,-81.51,0.8192,0.5268,0.3831,0.4852,0.7122,0.05
701,0,1,1,0.348,-59.92,0.585,,,,,0.05
702,0,1,1,1.049,-60.51,0.5915,,,,,0.05
703,0,0,0,0.0,-20.11,0.2734,,,,,0.05
704,1,0,0,0.0,-21.74,0.3125,,,,,0.05
705,0,1,1,0.135,-32.25,0.4342,,,,,0.05
706,0,1,0,0.746,-78.52,0.8085,,,,,0.05
707,0,1,0,0.541,-70.29,0.6759,,,,,0.05
708,0,0,1,0.0,-103.55,0.6533,,,,,0.05
709,1,0,0,0.0,-39.28,0.478,,,,,0.05
710,1,1,1,0.285,-122.71,0.8991,,,,,0.05
711,0,1,1,0.421,-59.27,0.5549,,,,,0.05
712,0,1,1,1.085,-71.5,0.6996,,,,,0.05
713,1,0,0,0.0,-18.42,0.2918,,,,,0.05
714,1,0,1,0.0,-24.49,0.3909,,,,,0.05
715,1,1,1,0.274,-75.0,0.8042,,,,,0.05
716,1,0,1,0.0,-43.52,0.4451,,,,,0.05
717,1,1,0,0.683,-113.03,0.8235,,,,,0.05
718,1,0,0,0.0,-12.5,0.2955,,,,,0.05
719,0,0,0,0.0,-23.44,0.3794,,,,,0.05
720,0,0,0,0.0,-18.35,0.3067,,,,,0.05
721,1,0,0,0.0,-15.17,0.2609,,,,,0.05
722,0,0,0,0.0,-17.64,0.24,,,,,0.05
723,0,1,1,0.291,-40.31,0.4716,,,,,0.05
724,0,0,0,0.0,-16.18,0.304,,,,,0.05
725,0,0,0,0.0,-10.9,0.2258,,,,,0.05
726,1,1,1,0.109,-26.03,0.4254,,,,,0.05
727,0,1,1,1.252,-102.14,0.838,,,,,0.05
728,1,0,1,0.0,-30.74,0.409,,,,,0.05
729,1,0,1,0.0,-26.09,0.3646,,,,,0.05
730,0,1,1,0.448,-59.03,0.6071,,,,,0.05
731,1,1,0,0.941,-123.02,0.9308,,,,,0.05
732,1,1,1,0.401,-72.98,0.6826,,,,,0.05
733,1,0,0,0.0,-24.7,0.2967,,,,,0.05
734,0,1,1,1.103,-77.28,0.8694,,,,,0.05
735,1,0,1,0.0,-29.31,0.4034,,,,,0.05
736,0,0,1,0.0,-22.14,0.3243,,,,,0.05
737,1,0,1,0.0,-22.2,0.3321,,,,,0.05
738,0,0,0,0.0,-35.86,0.3812,,,,,0.05
739,1,1,0,0.667,-122.82,0.9217,,,,,0.05
740,0,1,1,0.866,-70.92,0.6865,,,,,0.05
741,0,0,1,0.0,-15.94,0.2902,,,,,0.05
742,1,1,0,1.184,-97.15,0.7712,,,,,0.05
743,0,1,0,0.349,-46.33,0.541,,,,,0.05
744,0,1,0,1.187,-131.38,0.9473,,,,,0.05
745,0,1,1,0.713,-72.4,0.7121,,,,,0.05
746,1,1,0,0.192,-24.8,0.314,,,,,0.05
747,1,1,0,0.334,-38.66,0.4446,,,,,0.05
748,0,1,1,0.382,-57.07,0.5683,,,,,0.05
749,1,1,1,1.126,-71.89,0.7036,,,,,0.05
750,1,0,1,0.0,-20.38,0.3632,0.5007,0.3671,0.4436,0.6914,0.05
751,1,1,0,0.976,-81.16,0.6889,,,,,0.05
752,0,1,0,0.969,-98.93,0.809,,,,,0.05
753,1,1,1,1.117,-173.5,0.9611,,,,,0.05
754,1,0,1,0.0,-77.34,0.6321,,,,,0.05
755,1,0,1,0.0,-23.35,0.3359,,,,,0.05
756,0,0,0,0.0,-16.53,0.2724,,,,,0.05
757,1,1,0,0.414,-78.52,0.741,,,,,0.05
758,1,1,0,0.103,-48.62,0.5288,,,,,0.05
759,1,1,0,0.503,-65.51,0.6465,,,,,0.05
760,0,0,0,0.0,-57.31,0.5714,,,,,0.05
761,0,1,0,0.963,-158.77,1.0011,,,,,0.05
762,1,1,1,0.298,-41.55,0.4801,,,,,0.05
763,0,0,1,0.0,-14.74,0.2944,,,,,0.05
764,0,1,0,0.036,-21.19,0.307,,,,,0.05
765,0,1,0,0.534,-56.29,0.6464,,,,,0.05
766,0,1,0,0.791,-136.02,0.9536,,,,,0.05
767,0,0,0,0.0,-16.44,0.3049,,,,,0.05
768,1,1,1,0.422,-39.29,0.4923,,,,,0.05
769,0,1,1,1.257,-87.61,0.6187,,,,,0.05
770,0,0,1,0.0,-29.37,0.4127,,,,,0.05
771,0,0,0,0.0,-16.96,0.301,,,,,0.05
772,0,0,1,0.0,-19.36,0.3033,,,,,0.05
773,1,1,1,1.036,-141.5,1.0073,,,,,0.05
774,1,1,1,0.614,-58.74,0.6787,,,,,0.05
775,1,0,0,0.0,-23.46,0.3777,,,,,0.05
776,0,0,1,0.0,-31.9,0.3775,,,,,0.05
777,1,1,1,0.664,-93.82,0.8031,,,,,0.05
778,1,1,0,0.343,-95.55,0.7215,,,,,0.05
779,0,0,1,0.0,-30.6,0.4202,,,,,0.05
780,0,0,1,0.0,-47.94,0.5212,,,,,0.05
781,0,1,1,0.544,-52.37,0.5334,,,,,0.05
782,1,0,1,0.0,-18.82,0.3509,,,,,0.05
783,1,0,0,0.0,-74.57,0.6746,,,,,0.05
784,0,1,1,1.043,-86.3,0.6958,,,,,0.05
785,1,1,0,0.972,-105.13,0.9861,,,,,0.05
786,0,1,1,0.193,-29.44,0.3958,,,,,0.05
787,0,0,0,0.0,-26.0,0.3547,,,,,0.05
788,0,1,1,0.703,-77.86,0.892,,,,,0.05
789,0,1,0,0.873,-95.61,0.7365,,,,,0.05
790,1,0,1,0.0,-34.55,0.4084,,,,,0.05
791,0,0,0,0.0,-12.06,0.2585,,,,,0.05
792,1,1,1,1.155,-150.29,1.0613,,,,,0.05
793,0,0,0,0.0,-20.7,0.3242,,,,,0.05
794,0,1,0,0.401,-53.91,0.4945,,,,,0.05
795,1,0,0,0.0,-42.47,0.4724,,,,,0.05
796,1,0,0,0.0,-24.56,0.4017,,,,,0.05
797,1,1,1,0.719,-71.31,0.7286,,,,,0.05
798,0,0,1,0.0,-20.53,0.2912,,,,,0.05
799,1,1,0,0.446,-103.86,0.7324,,,,,0.05
800,0,0,0,0.0,-15.17,0.2705,0.4763,0.3429,0.4255,0.6604,0.05
