scenario,controller,seed,headway_cv,travel_s,wait_s
Baseline,NC,0,0.14653138018780504,976.5,201.8918918918919
Baseline,NC,1,0.17155026403970766,965.0,191.75675675675674
Baseline,NC,2,0.07976630760385077,932.25,184.46846846846847
Baseline,NC,3,0.07881731593147821,933.0,184.3153153153153
Baseline,NC,4,0.07811026697438161,950.125,197.80180180180182
Baseline,NC,5,0.11427587697618762,951.875,185.52252252252254
Baseline,NC,6,0.07404588433902673,950.375,192.27927927927928
Baseline,NC,7,0.20488489959562167,975.625,196.61261261261262
Baseline,NC,8,0.13550748363848086,934.0,201.46846846846847
Baseline,NC,9,0.1452261217775482,955.75,186.63063063063063
Baseline,NC,10,0.1092759226407917,942.625,187.8108108108108
Baseline,NC,11,0.21811790193086292,975.375,195.33333333333334
Baseline,NC,12,0.1372768133884167,942.125,186.27927927927928
Baseline,NC,13,0.14719129987972088,949.875,179.45945945945945
Baseline,NC,14,0.06797791574996959,950.5,187.1081081081081
Baseline,NC,15,0.15048933901727365,956.375,196.87387387387386
Baseline,NC,16,0.13626826514240659,970.375,189.19819819819818
Baseline,NC,17,0.0928009412408303,949.875,182.72072072072072
Baseline,NC,18,0.1043254756509548,932.625,186.25225225225225
Baseline,NC,19,0.13629025462262948,960.5,202.63063063063063
Baseline,NC,20,0.195658033880493,950.375,188.87387387387386
Baseline,NC,21,0.14117536971155378,933.125,187.24324324324326
Baseline,NC,22,0.08481673311158351,931.875,189.8918918918919
Baseline,NC,23,0.13329747724846755,943.5,188.34234234234233
Baseline,NC,24,0.12233185048696878,947.0,196.66666666666666
Baseline,NC,25,0.06031327197797907,955.625,183.36936936936937
Baseline,NC,26,0.08626067571875325,950.0,189.8918918918919
Baseline,NC,27,0.13943951390663986,962.875,189.11711711711712
Baseline,NC,28,0.08763974015117977,957.375,185.11711711711712
Baseline,NC,29,0.08896600985367228,937.375,190.77477477477478
Baseline,EH,0,0.106960159824669,1023.125,203.8108108108108
Baseline,EH,1,0.11895276980026095,999.375,185.7117117117117
Baseline,EH,2,0.06001623464765697,954.25,193.12612612612614
Baseline,EH,3,0.07843865581960446,968.875,184.33333333333334
Baseline,EH,4,0.06750896928348069,967.25,197.63063063063063
Baseline,EH,5,0.1085634235857241,985.875,181.05405405405406
Baseline,EH,6,0.07651274760528155,984.75,191.21621621621622
Baseline,EH,7,0.15668662263807603,1048.375,191.83783783783784
Baseline,EH,8,0.09587019541343464,983.25,191.11711711711712
Baseline,EH,9,0.10774780809844045,996.875,185.9009009009009
Baseline,EH,10,0.10555769556926538,976.125,182.73873873873873
Baseline,EH,11,0.15700018166503607,1029.25,189.33333333333334
Baseline,EH,12,0.11058188625096992,972.125,181.85585585585585
Baseline,EH,13,0.09495359181559157,988.5,183.2882882882883
Baseline,EH,14,0.061709915894431755,967.75,190.5855855855856
Baseline,EH,15,0.10030128502746667,991.75,200.981981981982
Baseline,EH,16,0.09247091705765412,1013.25,187.66666666666666
Baseline,EH,17,0.08384676663887855,976.75,185.72972972972974
Baseline,EH,18,0.09171004064989428,969.875,182.45045045045046
Baseline,EH,19,0.11347129024247496,1010.5,202.63963963963963
Baseline,EH,20,0.13081562998547597,999.5,188.6036036036036
Baseline,EH,21,0.10098308206278435,961.5,185.22522522522522
Baseline,EH,22,0.0551831166482097,950.625,189.22522522522522
Baseline,EH,23,0.09162194647953242,977.5,192.46846846846847
Baseline,EH,24,0.09255129023224987,987.0,194.0990990990991
Baseline,EH,25,0.0653502847214663,973.0,188.53153153153153
Baseline,EH,26,0.06261468093063678,975.875,184.45045045045046
Baseline,EH,27,0.12668305396999976,1008.125,188.76576576576576
Baseline,EH,28,0.09666354499677879,988.875,188.63063063063063
Baseline,EH,29,0.07270436082441038,971.75,189.51351351351352
Weather,NC,0,0.46685432756384493,1260.0,213.7117117117117
Weather,NC,1,0.38659514445588095,1131.875,225.19819819819818
Weather,NC,2,0.2572299995935447,1057.125,194.4144144144144
Weather,NC,3,0.6121439571704046,1044.5,249.36036036036037
Weather,NC,4,0.41637409363152517,1127.375,212.9099099099099
Weather,NC,5,0.5240266445939268,1214.0,313.5405405405405
Weather,NC,6,0.3307645782019521,1112.0,204.0810810810811
Weather,NC,7,0.6752127569837716,1255.0,292.1261261261261
Weather,NC,8,0.1988331113091665,963.375,202.43243243243242
Weather,NC,9,0.5241526359834513,1108.25,278.63963963963965
Weather,NC,10,0.5506915775832473,1146.375,283.3693693693694
Weather,NC,11,0.6980937648108502,1237.375,294.47747747747746
Weather,NC,12,0.3956540383055822,1127.375,246.2972972972973
Weather,NC,13,0.5639787806004029,1163.5,253.53153153153153
Weather,NC,14,0.4987344148097731,1203.0,210.24324324324326
Weather,NC,15,0.7308790774681145,1153.25,250.40540540540542
Weather,NC,16,0.6706946846360109,1371.375,279.72072072072075
Weather,NC,17,0.501097754688974,1135.875,226.36936936936937
Weather,NC,18,0.5230557728350076,1170.25,256.6666666666667
Weather,NC,19,0.643181461857969,1330.875,239.23423423423424
Weather,NC,20,0.5921398658441077,1232.5,260.4594594594595
Weather,NC,21,0.4832360068440174,1230.375,214.3963963963964
Weather,NC,22,0.6660790650262138,1236.625,234.76576576576576
Weather,NC,23,0.5286530599739121,1208.5,227.03603603603602
Weather,NC,24,0.4087168463296833,1136.375,205.55855855855856
Weather,NC,25,0.36395447369077594,1081.0,197.86486486486487
Weather,NC,26,0.42065956523009174,1066.125,219.73873873873873
Weather,NC,27,0.3988027138485218,1270.125,216.45945945945945
Weather,NC,28,0.39558077923247664,1078.75,210.67567567567568
Weather,NC,29,0.5248027747119841,1224.125,232.27927927927928
Weather,EH,0,0.44777086851864933,1411.125,222.75675675675674
Weather,EH,1,0.3385376643878379,1202.625,217.32432432432432
Weather,EH,2,0.20076365820118416,1091.25,195.92792792792793
Weather,EH,3,0.40183268677013784,1149.75,226.17117117117118
Weather,EH,4,0.3187609158217695,1203.0,195.17117117117118
Weather,EH,5,0.41168658205587993,1314.875,281.0
Weather,EH,6,0.39215116955915075,1218.625,202.21621621621622
Weather,EH,7,0.5938341634817133,1488.125,259.86486486486484
Weather,EH,8,0.13510919753368317,1023.375,198.2882882882883
Weather,EH,9,0.471194329295359,1337.375,272.6216216216216
Weather,EH,10,0.43230265198367057,1341.0,259.4864864864865
Weather,EH,11,0.4968043275428425,1354.75,268.5945945945946
Weather,EH,12,0.27301239816033435,1180.125,228.1891891891892
Weather,EH,13,0.4547646126380201,1285.75,269.7567567567568
Weather,EH,14,0.604116107763668,1387.875,234.05405405405406
Weather,EH,15,0.40934659882904095,1197.125,235.34234234234233
Weather,EH,16,0.7185613556161935,1567.625,278.3063063063063
Weather,EH,17,0.4627883255996338,1317.375,229.018018018018
Weather,EH,18,0.31339426571686896,1216.125,236.6216216216216
Weather,EH,19,0.49976454489971456,1368.0,227.14414414414415
Weather,EH,20,0.3876123340179597,1275.5,247.0990990990991
Weather,EH,21,0.5180621550252821,1388.875,209.04504504504504
Weather,EH,22,0.5060484247977226,1286.625,219.57657657657657
Weather,EH,23,0.35332330347571606,1214.5,206.2972972972973
Weather,EH,24,0.4601879773030646,1306.0,206.6036036036036
Weather,EH,25,0.27001321978055337,1137.875,195.65765765765767
Weather,EH,26,0.3380841553463938,1175.25,206.74774774774775
Weather,EH,27,0.4239139361540973,1249.25,196.9189189189189
Weather,EH,28,0.37465557286709383,1192.875,206.96396396396398
Weather,EH,29,0.4538811920377235,1319.625,227.51351351351352
Weather+Breakdown,NC,0,0.5389571047726491,1387.0,245.21621621621622
Weather+Breakdown,NC,1,0.4450249432870111,1212.375,225.19819819819818
Weather+Breakdown,NC,2,0.4438448968770398,1129.375,222.86486486486487
Weather+Breakdown,NC,3,0.6083662196045875,1151.125,265.73873873873873
Weather+Breakdown,NC,4,0.7501447208116847,1237.875,257.0900900900901
Weather+Breakdown,NC,5,1.0312684805519412,1425.375,391.963963963964
Weather+Breakdown,NC,6,0.5567231278100746,1119.75,248.48648648648648
Weather+Breakdown,NC,7,0.8890103067800261,1404.0,303.34234234234236
Weather+Breakdown,NC,8,0.6135199413041101,1040.375,244.73873873873873
Weather+Breakdown,NC,9,0.6734064927065642,1183.625,313.036036036036
Weather+Breakdown,NC,10,0.6193047989434819,1205.75,301.7567567567568
Weather+Breakdown,NC,11,0.6597974490305718,1317.25,331.63963963963965
Weather+Breakdown,NC,12,0.6377486893512113,1203.625,278.8738738738739
Weather+Breakdown,NC,13,0.7210065112445061,1330.375,267.2162162162162
Weather+Breakdown,NC,14,0.5417345984471761,1243.125,226.3153153153153
Weather+Breakdown,NC,15,0.5966395496503354,1144.125,252.66666666666666
Weather+Breakdown,NC,16,0.6956904032432207,1359.875,303.5405405405405
Weather+Breakdown,NC,17,0.46852238543448477,1209.4285714285713,226.36936936936937
Weather+Breakdown,NC,18,0.4697953070475921,1230.2857142857142,256.6666666666667
Weather+Breakdown,NC,19,0.517461596612417,1263.375,230.17117117117118
Weather+Breakdown,NC,20,0.5622763036023181,1332.4285714285713,260.4594594594595
Weather+Breakdown,NC,21,0.5896926544242802,1287.875,252.36936936936937
Weather+Breakdown,NC,22,0.7301186271742438,1334.125,252.83783783783784
Weather+Breakdown,NC,23,0.5638566559930542,1197.625,256.63963963963965
Weather+Breakdown,NC,24,0.5809913515106653,1322.25,255.73873873873873
Weather+Breakdown,NC,25,0.3243135750021671,1131.5,197.86486486486487
Weather+Breakdown,NC,26,0.4947620987012956,1084.875,233.5855855855856
Weather+Breakdown,NC,27,0.7358015539097024,1392.125,270.77477477477476
Weather+Breakdown,NC,28,0.46724320155174076,1135.625,219.52252252252254
Weather+Breakdown,NC,29,0.5502687193202414,1350.625,246.6936936936937
Weather+Breakdown,EH,0,0.4744428091590211,1469.75,241.73873873873873
Weather+Breakdown,EH,1,0.4052397825270456,1289.375,217.32432432432432
Weather+Breakdown,EH,2,0.5043763954260393,1242.0,222.6036036036036
Weather+Breakdown,EH,3,0.6711573511092932,1266.5,244.018018018018
Weather+Breakdown,EH,4,0.48510409129193394,1280.25,225.0
Weather+Breakdown,EH,5,0.568769067417577,1450.25,301.47747747747746
Weather+Breakdown,EH,6,0.45056788351427546,1220.75,234.78378378378378
Weather+Breakdown,EH,7,0.7563017244330446,1635.625,299.7837837837838
Weather+Breakdown,EH,8,0.5011857623058382,1203.25,235.17117117117118
Weather+Breakdown,EH,9,0.7652169975669171,1514.875,330.2882882882883
Weather+Breakdown,EH,10,0.5300702834183698,1441.5,286.85585585585585
Weather+Breakdown,EH,11,0.5447316671764788,1393.75,276.0990990990991
Weather+Breakdown,EH,12,0.47795769166032737,1309.75,255.14414414414415
Weather+Breakdown,EH,13,0.5218486188302265,1410.625,281.2522522522523
Weather+Breakdown,EH,14,0.6124473468751999,1442.125,261.6666666666667
Weather+Breakdown,EH,15,0.44382056609391823,1251.625,243.38738738738738
Weather+Breakdown,EH,16,0.5533029706495253,1568.625,288.6306306306306
Weather+Breakdown,EH,17,0.5204886440106954,1387.75,229.018018018018
Weather+Breakdown,EH,18,0.4639300261744019,1291.125,236.6216216216216
Weather+Breakdown,EH,19,0.5526350198798229,1550.375,238.73873873873873
Weather+Breakdown,EH,20,0.5246196309364902,1360.75,247.0990990990991
Weather+Breakdown,EH,21,0.5404970824970955,1448.25,243.36936936936937
Weather+Breakdown,EH,22,0.626474793780305,1362.5,226.35135135135135
Weather+Breakdown,EH,23,0.4562531565800863,1263.375,238.42342342342343
Weather+Breakdown,EH,24,0.5934695485235494,1496.875,236.72072072072072
Weather+Breakdown,EH,25,0.2938024635861532,1187.625,199.26126126126127
Weather+Breakdown,EH,26,0.570579221348543,1309.75,247.0990990990991
Weather+Breakdown,EH,27,0.5191416294198627,1433.25,238.27027027027026
Weather+Breakdown,EH,28,0.43922976674099923,1318.5,210.56756756756758
Weather+Breakdown,EH,29,0.5107069028197452,1381.5,238.32432432432432
